{"type":"FeatureCollection","features":[{"type":"Feature","id":"assur-bb6i-3d76dc1e02af","properties":{"id":"assur-bb6i-3d76dc1e02af","siteId":"assur","siteName":"Aššur","name":"bB6I","locationType":"excavation_area","sourceId":1},"geometry":{"type":"Polygon","coordinates":[[[43.25493209372259,35.458502307723094],[43.25515333420611,35.45850579241418],[43.25515675289105,35.45832553723564],[43.25493644824839,35.45832234422472],[43.25493209372259,35.458502307723094]]]}},{"type":"Feature","id":"assur-bc5ii-310134341079","properties":{"id":"assur-bc5ii-310134341079","siteId":"assur","siteName":"Aššur","name":"bC5II","locationType":"excavation_area","sourceId":2},"geometry":{"type":"Polygon","coordinates":[[[43.25513793102577,35.45922627822807],[43.25535733802575,35.45922976288782],[43.255361616156655,35.45904968045257],[43.25514117782156,35.45904653802916],[43.25513793102577,35.45922627822807]]]}},{"type":"Feature","id":"assur-bc5iii-9496f1c01d5b","properties":{"id":"assur-bc5iii-9496f1c01d5b","siteId":"assur","siteName":"Aššur","name":"bC5III","locationType":"excavation_area","sourceId":3},"geometry":{"type":"Polygon","coordinates":[[[43.25514117782156,35.45904653802916],[43.255361616156655,35.45904968045257],[43.255365388169416,35.45886946927235],[43.25514507397649,35.45886636184424],[43.25514117782156,35.45904653802916]]]}},{"type":"Feature","id":"assur-bd5i-1106b4b8fc7c","properties":{"id":"assur-bd5i-1106b4b8fc7c","siteId":"assur","siteName":"Aššur","name":"bD5I","locationType":"excavation_area","sourceId":4},"geometry":{"type":"Polygon","coordinates":[[[43.255353771325176,35.4594100627107],[43.2555740186723,35.45941340735417],[43.255577910350986,35.45923315603134],[43.25535760011208,35.45922997101697],[43.255353771325176,35.4594100627107]]]}},{"type":"Feature","id":"assur-bd8ii-66e6a0a429d8","properties":{"id":"assur-bd8ii-66e6a0a429d8","siteId":"assur","siteName":"Aššur","name":"bD8II","locationType":"excavation_area","sourceId":5},"geometry":{"type":"Polygon","coordinates":[[[43.25541626938424,35.45652596425236],[43.25563629237385,35.456529385897],[43.25564019594973,35.45634913729036],[43.25541988402736,35.45634595129579],[43.25541626938424,35.45652596425236]]]}},{"type":"Feature","id":"assur-be4v-797c28d39cb5","properties":{"id":"assur-be4v-797c28d39cb5","siteId":"assur","siteName":"Aššur","name":"bE4V","locationType":"excavation_area","sourceId":6},"geometry":{"type":"Polygon","coordinates":[[[43.25557083916409,35.459594330278556],[43.25579099699043,35.459596456650274],[43.255794477746576,35.45941660084397],[43.2555740186723,35.45941340735417],[43.25557083916409,35.459594330278556]]]}},{"type":"Feature","id":"assur-be5i-f5ecbd35972a","properties":{"id":"assur-be5i-f5ecbd35972a","siteId":"assur","siteName":"Aššur","name":"bE5I","locationType":"excavation_area","sourceId":7},"geometry":{"type":"Polygon","coordinates":[[[43.2555740186723,35.45941340735417],[43.255794477746576,35.45941660084397],[43.25579822023936,35.459236340401624],[43.255577910350986,35.45923315603134],[43.2555740186723,35.45941340735417]]]}},{"type":"Feature","id":"assur-be7i-38ce66f15dcd","properties":{"id":"assur-be7i-38ce66f15dcd","siteId":"assur","siteName":"Aššur","name":"bE7I","locationType":"excavation_area","sourceId":8},"geometry":{"type":"Polygon","coordinates":[[[43.2556129371123,35.45761089178142],[43.255833246132674,35.45761407826055],[43.25583713808294,35.45743382716102],[43.25561683193047,35.45743064287146],[43.2556129371123,35.45761089178142]]]}},{"type":"Feature","id":"assur-be8i-6f4ff2e5c4aa","properties":{"id":"assur-be8i-6f4ff2e5c4aa","siteId":"assur","siteName":"Aššur","name":"bE8I","locationType":"excavation_area","sourceId":9},"geometry":{"type":"Polygon","coordinates":[[[43.2556323941091,35.45670964268028],[43.255852703732955,35.4567128214987],[43.25585659523506,35.45653257015035],[43.25563629237385,35.456529385897],[43.2556323941091,35.45670964268028]]]}},{"type":"Feature","id":"assur-c6-1047f1e15a68","properties":{"id":"assur-c6-1047f1e15a68","siteId":"assur","siteName":"Aššur","name":"c6","locationType":"excavation_area","sourceId":10},"geometry":{"type":"Polygon","coordinates":[[[43.25581378932304,35.45851533540177],[43.25691532981373,35.45853125080102],[43.256934776031386,35.45762999346481],[43.255833246132674,35.45761407826055],[43.25581378932304,35.45851533540177]]]}},{"type":"Feature","id":"assur-cc9i-af66f2996084","properties":{"id":"assur-cc9i-af66f2996084","siteId":"assur","siteName":"Aššur","name":"cC9I","locationType":"excavation_area","sourceId":11},"geometry":{"type":"Polygon","coordinates":[[[43.256312778471866,35.45581826300249],[43.25653306344252,35.45582111411779],[43.25653695333961,35.45564086252094],[43.256316652676446,35.4556376797153],[43.256312778471866,35.45581826300249]]]}},{"type":"Feature","id":"assur-cd6i-18c98d0c1647","properties":{"id":"assur-cd6i-18c98d0c1647","siteId":"assur","siteName":"Aššur","name":"cD6I","locationType":"excavation_area","sourceId":12},"geometry":{"type":"Polygon","coordinates":[[[43.256692680660485,35.45852794101044],[43.25669826247438,35.45834835065103],[43.25647860301546,35.458344634493734],[43.2564747125429,35.45852488585644],[43.256692680660485,35.45852794101044]]]}},{"type":"Feature","id":"assur-cd9i-70cce66085df","properties":{"id":"assur-cd9i-70cce66085df","siteId":"assur","siteName":"Aššur","name":"cD9I","locationType":"excavation_area","sourceId":13},"geometry":{"type":"Polygon","coordinates":[[[43.25653306344252,35.45582111411779],[43.25675336448944,35.455824296786204],[43.256757254452275,35.45564404490919],[43.25653695333961,35.45564086252094],[43.25653306344252,35.45582111411779]]]}},{"type":"Feature","id":"assur-cd9ii-35f1792f2c59","properties":{"id":"assur-cd9ii-35f1792f2c59","siteId":"assur","siteName":"Aššur","name":"cD9II","locationType":"excavation_area","sourceId":14},"geometry":{"type":"Polygon","coordinates":[[[43.25653695333961,35.45564086252094],[43.256757254452275,35.45564404490919],[43.25676123912606,35.4554637726475],[43.256540866497254,35.45546068227187],[43.25653695333961,35.45564086252094]]]}},{"type":"Feature","id":"assur-ce6iii-01ed729cc729","properties":{"id":"assur-ce6iii-01ed729cc729","siteId":"assur","siteName":"Aššur","name":"cE6III","locationType":"excavation_area","sourceId":15},"geometry":{"type":"Polygon","coordinates":[[[43.256702711845136,35.458167606033875],[43.256923108284774,35.458170747999105],[43.25692699721884,35.457990496646936],[43.25670669026767,35.457987314352415],[43.256702711845136,35.458167606033875]]]}},{"type":"Feature","id":"assur-ce6iv-d9f48276e9ab","properties":{"id":"assur-ce6iv-d9f48276e9ab","siteId":"assur","siteName":"Aššur","name":"cE6IV","locationType":"excavation_area","sourceId":16},"geometry":{"type":"Polygon","coordinates":[[[43.25670669026767,35.457987314352415],[43.25692699721884,35.457990496646936],[43.25693088669933,35.45781024308405],[43.25671058356142,35.45780706246713],[43.25670669026767,35.457987314352415]]]}},{"type":"Feature","id":"assur-da5iii-6a62aeabdf81","properties":{"id":"assur-da5iii-6a62aeabdf81","siteId":"assur","siteName":"Aššur","name":"dA5III","locationType":"excavation_area","sourceId":17},"geometry":{"type":"Polygon","coordinates":[[[43.25690324302368,35.459071767476416],[43.25712378762371,35.45907554369719],[43.25712786488404,35.45889492551069],[43.256907550777946,35.45889175387061],[43.25690324302368,35.459071767476416]]]}},{"type":"Feature","id":"assur-da5iv-a4ab08f22278","properties":{"id":"assur-da5iv-a4ab08f22278","siteId":"assur","siteName":"Aššur","name":"dA5IV","locationType":"excavation_area","sourceId":18},"geometry":{"type":"Polygon","coordinates":[[[43.256907550777946,35.45889175387061],[43.25712786488404,35.45889492551069],[43.257131749001644,35.458714684483134],[43.25691144015058,35.45871150266177],[43.256907550777946,35.45889175387061]]]}},{"type":"Feature","id":"assur-da6ii-016b9bbe05f4","properties":{"id":"assur-da6ii-016b9bbe05f4","siteId":"assur","siteName":"Aššur","name":"dA6II","locationType":"excavation_area","sourceId":19},"geometry":{"type":"Polygon","coordinates":[[[43.256919211134566,35.458350981877935],[43.2571395269208,35.45835418198354],[43.25714341547384,35.458173930061434],[43.256923108284774,35.458170747999105],[43.256919211134566,35.458350981877935]]]}},{"type":"Feature","id":"assur-da6iv-e2f748bf874e","properties":{"id":"assur-da6iv-e2f748bf874e","siteId":"assur","siteName":"Aššur","name":"dA6IV","locationType":"excavation_area","sourceId":20},"geometry":{"type":"Polygon","coordinates":[[[43.25692699721884,35.457990496646936],[43.257147302491774,35.457993680997006],[43.257151192924795,35.457813426903066],[43.25693088669933,35.45781024308405],[43.25692699721884,35.457990496646936]]]}},{"type":"Feature","id":"assur-da8i-6b5ce207f9c1","properties":{"id":"assur-da8i-6b5ce207f9c1","siteId":"assur","siteName":"Aššur","name":"dA8I","locationType":"excavation_area","sourceId":21},"geometry":{"type":"Polygon","coordinates":[[[43.256954285352734,35.456728754239506],[43.257174283312786,35.45673203075477],[43.25717834998193,35.45655171419957],[43.256958042601404,35.456548473682716],[43.256954285352734,35.456728754239506]]]}},{"type":"Feature","id":"assur-da9iii-d31b8edb8af6","properties":{"id":"assur-da9iii-d31b8edb8af6","siteId":"assur","siteName":"Aššur","name":"dA9III","locationType":"excavation_area","sourceId":22},"geometry":{"type":"Polygon","coordinates":[[[43.25698147015186,35.45546692588353],[43.25720174299887,35.4554701574424],[43.25720563078435,35.45528990585225],[43.25698533134648,35.455286724146404],[43.25698147015186,35.45546692588353]]]}},{"type":"Feature","id":"assur-db5iv-3f293e1fa0bd","properties":{"id":"assur-db5iv-3f293e1fa0bd","siteId":"assur","siteName":"Aššur","name":"dB5IV","locationType":"excavation_area","sourceId":23},"geometry":{"type":"Polygon","coordinates":[[[43.25712786488404,35.45889492551069],[43.257348169951065,35.45889811737574],[43.257352057936245,35.45871786605652],[43.257131749001644,35.45871468448313],[43.25712786488404,35.45889492551069]]]}},{"type":"Feature","id":"assur-dc9v-2d4f68a5e8c3","properties":{"id":"assur-dc9v-2d4f68a5e8c3","siteId":"assur","siteName":"Aššur","name":"dC9V","locationType":"excavation_area","sourceId":24},"geometry":{"type":"Polygon","coordinates":[[[43.25742982135415,35.45511283611731],[43.257650117950654,35.4551160160905],[43.2576540047715,35.4549357638894],[43.25743370639941,35.454932583508565],[43.25742982135415,35.45511283611731]]]}},{"type":"Feature","id":"assur-dd6ii-08e487e4fda3","properties":{"id":"assur-dd6ii-08e487e4fda3","siteId":"assur","siteName":"Aššur","name":"dD6II","locationType":"excavation_area","sourceId":25},"geometry":{"type":"Polygon","coordinates":[[[43.25758013286551,35.45836062746219],[43.25758404896701,35.458180357378716],[43.25736372280276,35.458177111578685],[43.25735978856304,35.45835728848495],[43.25758013286551,35.45836062746219]]]}},{"type":"Feature","id":"assur-dd9iv-ab130cd33b86","properties":{"id":"assur-dd9iv-ab130cd33b86","siteId":"assur","siteName":"Aššur","name":"dD9IV","locationType":"excavation_area","sourceId":26},"geometry":{"type":"Polygon","coordinates":[[[43.25764623106447,35.45529634567066],[43.25786653019217,35.455299447961025],[43.25787042044541,35.45511919956114],[43.257650117950654,35.4551160160905],[43.25764623106447,35.45529634567066]]]}},{"type":"Feature","id":"assur-de5iv-bde9abf49c29","properties":{"id":"assur-de5iv-bde9abf49c29","siteId":"assur","siteName":"Aššur","name":"dE5IV","locationType":"excavation_area","sourceId":27},"geometry":{"type":"Polygon","coordinates":[[[43.25778879882113,35.458904504126195],[43.258009107065774,35.45890766169712],[43.258012983612865,35.4587274060116],[43.257792675921415,35.45872422804541],[43.25778879882113,35.458904504126195]]]}},{"type":"Feature","id":"assur-de5v-b4930efd61c1","properties":{"id":"assur-de5v-b4930efd61c1","siteId":"assur","siteName":"Aššur","name":"dE5V","locationType":"excavation_area","sourceId":28},"geometry":{"type":"Polygon","coordinates":[[[43.257792675921415,35.45872422804541],[43.258012983612865,35.4587274060116],[43.258016872098985,35.458547158221315],[43.25779656602178,35.45854398351399],[43.257792675921415,35.45872422804541]]]}},{"type":"Feature","id":"assur-de7iv-fb89af1923be","properties":{"id":"assur-de7iv-fb89af1923be","siteId":"assur","siteName":"Aššur","name":"dE7IV","locationType":"excavation_area","sourceId":29},"geometry":{"type":"Polygon","coordinates":[[[43.257827913620304,35.45710226504771],[43.25804712443998,35.45710641756359],[43.25805190374565,35.456924917815016],[43.25783155120294,35.456921727724016],[43.257827913620304,35.45710226504771]]]}},{"type":"Feature","id":"assur-de9v-d6499ffb6a89","properties":{"id":"assur-de9v-d6499ffb6a89","siteId":"assur","siteName":"Aššur","name":"dE9V","locationType":"excavation_area","sourceId":30},"geometry":{"type":"Polygon","coordinates":[[[43.25787042044541,35.45511919956114],[43.25809171801688,35.455122258337965],[43.258094605514074,35.45494212210131],[43.257874304415296,35.4549389447735],[43.25787042044541,35.45511919956114]]]}},{"type":"Feature","id":"assur-ea5v-d293ab969788","properties":{"id":"assur-ea5v-d293ab969788","siteId":"assur","siteName":"Aššur","name":"eA5V","locationType":"excavation_area","sourceId":31},"geometry":{"type":"Polygon","coordinates":[[[43.258012983612865,35.4587274060116],[43.25823326926825,35.45873058870992],[43.25823718066529,35.458550336195174],[43.258016872098985,35.458547158221315],[43.258012983612865,35.4587274060116]]]}},{"type":"Feature","id":"assur-ea6i-a66d4d602381","properties":{"id":"assur-ea6i-a66d4d602381","siteId":"assur","siteName":"Aššur","name":"eA6I","locationType":"excavation_area","sourceId":32},"geometry":{"type":"Polygon","coordinates":[[[43.258016872098985,35.458547158221315],[43.25823718066529,35.458550336195174],[43.258241066910806,35.45837008521959],[43.25802075901852,35.45836690523928],[43.258016872098985,35.458547158221315]]]}},{"type":"Feature","id":"assur-ea6ii-2f294f57d786","properties":{"id":"assur-ea6ii-2f294f57d786","siteId":"assur","siteName":"Aššur","name":"eA6II","locationType":"excavation_area","sourceId":33},"geometry":{"type":"Polygon","coordinates":[[[43.25802075901852,35.45836690523928],[43.258241066910806,35.45837008521959],[43.25824495329976,35.45818983362813],[43.2580246451522,35.45818665275825],[43.25802075901852,35.45836690523928]]]}},{"type":"Feature","id":"assur-ea7ii-8e7d7e44b6f4","properties":{"id":"assur-ea7ii-8e7d7e44b6f4","siteId":"assur","siteName":"Aššur","name":"eA7II","locationType":"excavation_area","sourceId":34},"geometry":{"type":"Polygon","coordinates":[[[43.2580401925846,35.457465647364515],[43.25826049825984,35.45746882732272],[43.25826438441089,35.457288575624275],[43.25804407923328,35.457285395804334],[43.2580401925846,35.457465647364515]]]}},{"type":"Feature","id":"assur-ea7iii-c01b12def1aa","properties":{"id":"assur-ea7iii-c01b12def1aa","siteId":"assur","siteName":"Aššur","name":"eA7III","locationType":"excavation_area","sourceId":43},"geometry":{"type":"Polygon","coordinates":[[[43.25804407923328,35.457285395804334],[43.25826438441089,35.457288575624275],[43.25826827053863,35.457108323995854],[43.25804712443998,35.45710641756359],[43.25804407923328,35.457285395804334]]]}},{"type":"Feature","id":"assur-ea9i-5e10d62f21ea","properties":{"id":"assur-ea9i-5e10d62f21ea","siteId":"assur","siteName":"Aššur","name":"eA9I","locationType":"excavation_area","sourceId":35},"geometry":{"type":"Polygon","coordinates":[[[43.25807516718749,35.45584338070971],[43.25829549208588,35.4558465628202],[43.258299358185255,35.45566631070831],[43.25807905754192,35.45566313119076],[43.25807516718749,35.45584338070971]]]}},{"type":"Feature","id":"assur-eb5iii-36f55ad7d8f3","properties":{"id":"assur-eb5iii-36f55ad7d8f3","siteId":"assur","siteName":"Aššur","name":"eB5III","locationType":"excavation_area","sourceId":36},"geometry":{"type":"Polygon","coordinates":[[[43.25822552121437,35.45909109158406],[43.258445831349036,35.45909427112306],[43.25844971733289,35.45891401953731],[43.2582294076985,35.45891083994051],[43.25822552121437,35.45909109158406]]]}},{"type":"Feature","id":"assur-eb5v-71efa0213895","properties":{"id":"assur-eb5v-71efa0213895","siteId":"assur","siteName":"Aššur","name":"eB5V","locationType":"excavation_area","sourceId":37},"geometry":{"type":"Polygon","coordinates":[[[43.25823326926825,35.45873058870992],[43.258453603019085,35.45873376697811],[43.25845748922913,35.45855351630673],[43.25823718066529,35.458550336195174],[43.25823326926825,35.45873058870992]]]}},{"type":"Feature","id":"assur-eb6i-a69f84fae394","properties":{"id":"assur-eb6i-a69f84fae394","siteId":"assur","siteName":"Aššur","name":"eB6I","locationType":"excavation_area","sourceId":38},"geometry":{"type":"Polygon","coordinates":[[[43.25823718066529,35.458550336195174],[43.25845748922913,35.45855351630673],[43.258461375322426,35.45837326444651],[43.258241066910806,35.45837008521959],[43.25823718066529,35.458550336195174]]]}},{"type":"Feature","id":"assur-eb7ii-f72a9729f147","properties":{"id":"assur-eb7ii-f72a9729f147","siteId":"assur","siteName":"Aššur","name":"eB7II","locationType":"excavation_area","sourceId":39},"geometry":{"type":"Polygon","coordinates":[[[43.25826049825984,35.45746882732272],[43.25848080394954,35.45747200665476],[43.258484688854516,35.457291754277286],[43.25826438441089,35.457288575624275],[43.25826049825984,35.45746882732272]]]}},{"type":"Feature","id":"assur-ec9i-e68eedba1579","properties":{"id":"assur-ec9i-e68eedba1579","siteId":"assur","siteName":"Aššur","name":"eC9I","locationType":"excavation_area","sourceId":40},"geometry":{"type":"Polygon","coordinates":[[[43.258515777950535,35.45584974676686],[43.258736075299524,35.45585292038681],[43.258739960006054,35.45567266878082],[43.2585196591243,35.4556694900472],[43.258515777950535,35.45584974676686]]]}},{"type":"Feature","id":"assur-ed10i-122e56db4bf8","properties":{"id":"assur-ed10i-122e56db4bf8","siteId":"assur","siteName":"Aššur","name":"eD10I","locationType":"excavation_area","sourceId":41},"geometry":{"type":"Polygon","coordinates":[[[43.25875549905875,35.45495166192092],[43.258975797966045,35.4549548403226],[43.25897968230653,35.45477458846872],[43.25875938376886,35.45477141018693],[43.25875549905875,35.45495166192092]]]}},{"type":"Feature","id":"assur-ed5iii-6a03df7cfbfc","properties":{"id":"assur-ed5iii-6a03df7cfbfc","siteId":"assur","siteName":"Aššur","name":"eD5III","locationType":"excavation_area","sourceId":44},"geometry":{"type":"Polygon","coordinates":[[[43.25866612885614,35.45909739350758],[43.25888644900494,35.459100626810404],[43.258890335376954,35.45892037901182],[43.25867002700923,35.458917198727065],[43.25866612885614,35.45909739350758]]]}},{"type":"Feature","id":"assur-ed6v-57cae57f5031","properties":{"id":"assur-ed6v-57cae57f5031","siteId":"assur","siteName":"Aššur","name":"eD6V","locationType":"excavation_area","sourceId":42},"geometry":{"type":"Polygon","coordinates":[[[43.25869332090974,35.45783570710243],[43.25891364461989,35.45783887384847],[43.25891753108024,35.457658616158625],[43.258697224461116,35.45765543731656],[43.25869332090974,35.45783570710243]]]}},{"type":"Feature","id":"assur-ee5ii-ab93b4168d31","properties":{"id":"assur-ee5ii-ab93b4168d31","siteId":"assur","siteName":"Aššur","name":"eE5II","locationType":"excavation_area","sourceId":45},"geometry":{"type":"Polygon","coordinates":[[[43.2588825664583,35.45928088072909],[43.259102877444754,35.45928405945795],[43.25910676205423,35.4591038078289],[43.25888644900494,35.459100626810404],[43.2588825664583,35.45928088072909]]]}},{"type":"Feature","id":"assur-ee5iii-43ee169f4603","properties":{"id":"assur-ee5iii-43ee169f4603","siteId":"assur","siteName":"Aššur","name":"eE5III","locationType":"excavation_area","sourceId":46},"geometry":{"type":"Polygon","coordinates":[[[43.25888644900494,35.459100626810404],[43.25910676205423,35.4591038078289],[43.259110648710255,35.4589235617494],[43.258890335376954,35.45892037901182],[43.25888644900494,35.459100626810404]]]}},{"type":"Feature","id":"assur-ee5iv-898e94441cbf","properties":{"id":"assur-ee5iv-898e94441cbf","siteId":"assur","siteName":"Aššur","name":"eE5IV","locationType":"excavation_area","sourceId":47},"geometry":{"type":"Polygon","coordinates":[[[43.258890335376954,35.45892037901182],[43.259110648710255,35.4589235617494],[43.259114530942014,35.45874330428658],[43.25889422206526,35.458740125611044],[43.258890335376954,35.45892037901182]]]}},{"type":"Feature","id":"assur-ee5v-302a510c01d2","properties":{"id":"assur-ee5v-302a510c01d2","siteId":"assur","siteName":"Aššur","name":"eE5V","locationType":"excavation_area","sourceId":48},"geometry":{"type":"Polygon","coordinates":[[[43.25889422206526,35.458740125611044],[43.259114530942014,35.45874330428658],[43.25911841584647,35.45856305233346],[43.258898115432466,35.45855987749336],[43.25889422206526,35.458740125611044]]]}},{"type":"Feature","id":"assur-ee6v-64ea5b739a46","properties":{"id":"assur-ee6v-64ea5b739a46","siteId":"assur","siteName":"Aššur","name":"eE6V","locationType":"excavation_area","sourceId":49},"geometry":{"type":"Polygon","coordinates":[[[43.25891364461989,35.45783887384847],[43.259133997584826,35.45784203618738],[43.25913783987526,35.45766179560199],[43.25891753108024,35.457658616158625],[43.25891364461989,35.45783887384847]]]}},{"type":"Feature","id":"assur-ee6v-7i-9d2184703a67","properties":{"id":"assur-ee6v-7i-9d2184703a67","siteId":"assur","siteName":"Aššur","name":"eE6V/7I","locationType":"excavation_area","sourceId":50},"geometry":{"type":"Polygon","coordinates":[[[43.25891364461989,35.45783887384847],[43.259133997584826,35.45784203618738],[43.25914172083281,35.45748154225547],[43.25892141650279,35.45747836340428],[43.25891364461989,35.45783887384847]]]}},{"type":"Feature","id":"assur-ee7i-a5f5979278de","properties":{"id":"assur-ee7i-a5f5979278de","siteId":"assur","siteName":"Aššur","name":"eE7I","locationType":"excavation_area","sourceId":51},"geometry":{"type":"Polygon","coordinates":[[[43.25891753108024,35.457658616158625],[43.25913783987526,35.45766179560199],[43.25914172083281,35.45748154225547],[43.25892141650279,35.45747836340428],[43.25891753108024,35.457658616158625]]]}},{"type":"Feature","id":"assur-fa6v-c87b4cbab63d","properties":{"id":"assur-fa6v-c87b4cbab63d","siteId":"assur","siteName":"Aššur","name":"fA6V","locationType":"excavation_area","sourceId":52},"geometry":{"type":"Polygon","coordinates":[[[43.259133997584826,35.45784203618738],[43.25935425964588,35.45784522380246],[43.25935814339379,35.45766497211469],[43.25913783987526,35.45766179560199],[43.259133997584826,35.45784203618738]]]}},{"type":"Feature","id":"assur-fb5ii-c2ef37047215","properties":{"id":"assur-fb5ii-c2ef37047215","siteId":"assur","siteName":"Aššur","name":"fB5II","locationType":"excavation_area","sourceId":54},"geometry":{"type":"Polygon","coordinates":[[[43.25932335513114,35.45928737629906],[43.25954358679559,35.45929030582831],[43.25954738008219,35.45911016857098],[43.25932707723506,35.45910699185558],[43.25932335513114,35.45928737629906]]]}},{"type":"Feature","id":"assur-fc5iii-6eb6aba7b1e1","properties":{"id":"assur-fc5iii-6eb6aba7b1e1","siteId":"assur","siteName":"Aššur","name":"fC5III","locationType":"excavation_area","sourceId":55},"geometry":{"type":"Polygon","coordinates":[[[43.25954738008219,35.45911016857098],[43.25976769303182,35.459113340355195],[43.259771576211506,35.458933088685654],[43.25955126539109,35.45892991087248],[43.25954738008219,35.45911016857098]]]}},{"type":"Feature","id":"assur-fc8i-713e9a4a2d5d","properties":{"id":"assur-fc8i-713e9a4a2d5d","siteId":"assur","siteName":"Aššur","name":"fC8I","locationType":"excavation_area","sourceId":56},"geometry":{"type":"Polygon","coordinates":[[[43.25959786541321,35.45676688938003],[43.25981816957692,35.45677006762937],[43.25982205220136,35.456589815919074],[43.25960174871637,35.45658663900765],[43.25959786541321,35.45676688938003]]]}},{"type":"Feature","id":"assur-fd8i-554d058cd5c7","properties":{"id":"assur-fd8i-554d058cd5c7","siteId":"assur","siteName":"Aššur","name":"fD8I","locationType":"excavation_area","sourceId":57},"geometry":{"type":"Polygon","coordinates":[[[43.25981816957692,35.456770067629364],[43.26003847448191,35.45677324474314],[43.260042356180286,35.45659299129654],[43.25982205220136,35.456589815919074],[43.25981816957692,35.456770067629364]]]}},{"type":"Feature","id":"assur-fe10i-3c7ed857e189","properties":{"id":"assur-fe10i-3c7ed857e189","siteId":"assur","siteName":"Aššur","name":"fE10I","locationType":"excavation_area","sourceId":59},"geometry":{"type":"Polygon","coordinates":[[[43.2600773359183,35.454970713830164],[43.260297592137896,35.45497390181526],[43.26030147341548,35.45479364992589],[43.26008117662149,35.45479047686415],[43.2600773359183,35.454970713830164]]]}},{"type":"Feature","id":"assur-fe5ii-3e9fb1eb128a","properties":{"id":"assur-fe5ii-3e9fb1eb128a","siteId":"assur","siteName":"Aššur","name":"fE5II","locationType":"excavation_area","sourceId":60},"geometry":{"type":"Polygon","coordinates":[[[43.25998412077436,35.45929676878167],[43.260204431650784,35.45929994538559],[43.260208316030095,35.459119692957536],[43.259988003045564,35.45911651720095],[43.25998412077436,35.45929676878167]]]}},{"type":"Feature","id":"assur-fe5iii-6bff491dc11f","properties":{"id":"assur-fe5iii-6bff491dc11f","siteId":"assur","siteName":"Aššur","name":"fE5III","locationType":"excavation_area","sourceId":58},"geometry":{"type":"Polygon","coordinates":[[[43.259988003045564,35.45911651720095],[43.260208316030095,35.459119692957536],[43.260212195739264,35.458939441777645],[43.259991885776586,35.45893626537622],[43.259988003045564,35.45911651720095]]]}},{"type":"Feature","id":"assur-fe9v-51de8f60bedc","properties":{"id":"assur-fe9v-51de8f60bedc","siteId":"assur","siteName":"Aššur","name":"fE9V","locationType":"excavation_area","sourceId":53},"geometry":{"type":"Polygon","coordinates":[[[43.26007344246849,35.45515102257925],[43.2602937134775,35.45515415463361],[43.260297592137896,35.45497390181526],[43.2600773359183,35.454970713830164],[43.26007344246849,35.45515102257925]]]}},{"type":"Feature","id":"assur-g4-35f877be9450","properties":{"id":"assur-g4-35f877be9450","siteId":"assur","siteName":"Aššur","name":"g4","locationType":"excavation_area","sourceId":61},"geometry":{"type":"Polygon","coordinates":[[[43.260181138478366,35.460381455755524],[43.261282708805794,35.46039733113815],[43.2613021075719,35.45949607503633],[43.26020055337673,35.459480195397816],[43.260181138478366,35.460381455755524]]]}},{"type":"Feature","id":"assur-ga10i-a13746659919","properties":{"id":"assur-ga10i-a13746659919","siteId":"assur","siteName":"Aššur","name":"gA10I","locationType":"excavation_area","sourceId":62},"geometry":{"type":"Polygon","coordinates":[[[43.260297592137896,35.45497390181526],[43.260517899434,35.454977086281595],[43.26052177451445,35.45479682127767],[43.26030147341548,35.45479364992589],[43.260297592137896,35.45497390181526]]]}},{"type":"Feature","id":"assur-ga4i-1423b39dd202","properties":{"id":"assur-ga4i-1423b39dd202","siteId":"assur","siteName":"Aššur","name":"gA4I","locationType":"excavation_area","sourceId":63},"geometry":{"type":"Polygon","coordinates":[[[43.26018113847836,35.460381455755524],[43.260401456771554,35.46038462736601],[43.26040533392499,35.460204380005706],[43.26018502051867,35.460201203976624],[43.26018113847836,35.460381455755524]]]}},{"type":"Feature","id":"assur-ga4ii-40b5cc297561","properties":{"id":"assur-ga4ii-40b5cc297561","siteId":"assur","siteName":"Aššur","name":"gA4II","locationType":"excavation_area","sourceId":64},"geometry":{"type":"Polygon","coordinates":[[[43.26018502051867,35.460201203976624],[43.26040533392499,35.460204380005706],[43.26040921606784,35.46002412845144],[43.26018890284197,35.46002095226154],[43.26018502051867,35.460201203976624]]]}},{"type":"Feature","id":"assur-ga4v-f6ca1aebcd97","properties":{"id":"assur-ga4v-f6ca1aebcd97","siteId":"assur","siteName":"Aššur","name":"gA4V","locationType":"excavation_area","sourceId":65},"geometry":{"type":"Polygon","coordinates":[[[43.260196667150325,35.45966044888649],[43.26041697911807,35.45966362485959],[43.260420860845855,35.459483372945066],[43.26020055337673,35.459480195397816],[43.260196667150325,35.45966044888649]]]}},{"type":"Feature","id":"assur-ga5ii-3088de6caaf3","properties":{"id":"assur-ga5ii-3088de6caaf3","siteId":"assur","siteName":"Aššur","name":"gA5II","locationType":"excavation_area","sourceId":66},"geometry":{"type":"Polygon","coordinates":[[[43.260204431650784,35.45929994538559],[43.260424742736056,35.459303120947986],[43.260428623860506,35.4591228697378],[43.260208316030095,35.459119692957536],[43.260204431650784,35.45929994538559]]]}},{"type":"Feature","id":"assur-ga5iii-21acb7b27aa6","properties":{"id":"assur-ga5iii-21acb7b27aa6","siteId":"assur","siteName":"Aššur","name":"gA5III","locationType":"excavation_area","sourceId":67},"geometry":{"type":"Polygon","coordinates":[[[43.260208316030095,35.459119692957536],[43.260428623860506,35.4591228697378],[43.260432506098795,35.45894261835052],[43.260212195739264,35.45893944177764],[43.260208316030095,35.459119692957536]]]}},{"type":"Feature","id":"assur-gb3v-cbe161c398e8","properties":{"id":"assur-gb3v-cbe161c398e8","siteId":"assur","siteName":"Aššur","name":"gB3V","locationType":"excavation_area","sourceId":68},"geometry":{"type":"Polygon","coordinates":[[[43.26039742561216,35.46056536481796],[43.26061788450905,35.46056806064434],[43.260621766051266,35.46038780761891],[43.260401456771554,35.46038462736601],[43.26039742561216,35.46056536481796]]]}},{"type":"Feature","id":"assur-gb4ii-4e46b9b143ad","properties":{"id":"assur-gb4ii-4e46b9b143ad","siteId":"assur","siteName":"Aššur","name":"gB4II","locationType":"excavation_area","sourceId":69},"geometry":{"type":"Polygon","coordinates":[[[43.26040533392499,35.460204380005706],[43.260625647361344,35.46020755583389],[43.26062952857863,35.46002730404191],[43.26040921606784,35.46002412845144],[43.26040533392499,35.460204380005706]]]}},{"type":"Feature","id":"assur-gb5i-61fb399ff411","properties":{"id":"assur-gb5i-61fb399ff411","siteId":"assur","siteName":"Aššur","name":"gB5I","locationType":"excavation_area","sourceId":70},"geometry":{"type":"Polygon","coordinates":[[[43.260420860845855,35.459483372945066],[43.26064117222418,35.459486548513894],[43.26064505336511,35.45930629698616],[43.260424742736056,35.459303120947986],[43.260420860845855,35.459483372945066]]]}},{"type":"Feature","id":"assur-gb5ii-6ad615e8405b","properties":{"id":"assur-gb5ii-6ad615e8405b","siteId":"assur","siteName":"Aššur","name":"gB5II","locationType":"excavation_area","sourceId":71},"geometry":{"type":"Polygon","coordinates":[[[43.260424742736056,35.459303120947986],[43.26064505336511,35.45930629698616],[43.260648934555334,35.459126045002684],[43.260428623860506,35.4591228697378],[43.260424742736056,35.459303120947986]]]}},{"type":"Feature","id":"assur-gb9i-f02183f4767e","properties":{"id":"assur-gb9i-f02183f4767e","siteId":"assur","siteName":"Aššur","name":"gB9I","locationType":"excavation_area","sourceId":72},"geometry":{"type":"Polygon","coordinates":[[[43.26049848687933,35.45587833679078],[43.260718788530774,35.45588151197089],[43.26072266891596,35.45570126015611],[43.26050236788728,35.45569808489909],[43.26049848687933,35.45587833679078]]]}},{"type":"Feature","id":"assur-gc4i-d54b77ef4c6e","properties":{"id":"assur-gc4i-d54b77ef4c6e","siteId":"assur","siteName":"Aššur","name":"gC4I","locationType":"excavation_area","sourceId":73},"geometry":{"type":"Polygon","coordinates":[[[43.260621766051266,35.46038780761891],[43.26084207974046,35.46039098276863],[43.260845961281944,35.46021072952149],[43.260625647361344,35.46020755583389],[43.260621766051266,35.46038780761891]]]}},{"type":"Feature","id":"assur-gc4v-1985c493b282","properties":{"id":"assur-gc4v-1985c493b282","siteId":"assur","siteName":"Aššur","name":"gC4V","locationType":"excavation_area","sourceId":74},"geometry":{"type":"Polygon","coordinates":[[[43.26063729000288,35.45966680197997],[43.260857602998954,35.45966997591421],[43.26086148302068,35.45948972282761],[43.26064117222418,35.459486548513894],[43.26063729000288,35.45966680197997]]]}},{"type":"Feature","id":"assur-gc5i-9d7eec32dfdd","properties":{"id":"assur-gc5i-9d7eec32dfdd","siteId":"assur","siteName":"Aššur","name":"gC5I","locationType":"excavation_area","sourceId":75},"geometry":{"type":"Polygon","coordinates":[[[43.26064117222418,35.459486548513894],[43.26086148302068,35.45948972282761],[43.260865365222905,35.45930947337377],[43.26064505336511,35.45930629698616],[43.26064117222418,35.459486548513894]]]}},{"type":"Feature","id":"assur-gc5v-2798b87e53dc","properties":{"id":"assur-gc5v-2798b87e53dc","siteId":"assur","siteName":"Aššur","name":"gC5V","locationType":"excavation_area","sourceId":76},"geometry":{"type":"Polygon","coordinates":[[[43.26065669566187,35.45876554296782],[43.26087700604993,35.45876871677615],[43.26088088669045,35.45858846474843],[43.26066057760349,35.45858528957114],[43.26065669566187,35.45876554296782]]]}},{"type":"Feature","id":"assur-gd10i-10d1c2f64360","properties":{"id":"assur-gd10i-10d1c2f64360","siteId":"assur","siteName":"Aššur","name":"gD10I","locationType":"excavation_area","sourceId":79},"geometry":{"type":"Polygon","coordinates":[[[43.26095835063994,35.454983433981255],[43.26117878779244,35.454986600622014],[43.26118266816754,35.45480634960534],[43.26096236754107,35.45480317438095],[43.26095835063994,35.454983433981255]]]}},{"type":"Feature","id":"assur-gd4ii-9be07638fbff","properties":{"id":"assur-gd4ii-9be07638fbff","siteId":"assur","siteName":"Aššur","name":"gD4II","locationType":"excavation_area","sourceId":77},"geometry":{"type":"Polygon","coordinates":[[[43.26084596128194,35.46021072952149],[43.26106627424951,35.46021390599492],[43.2610701546244,35.460033654344585],[43.26084984292681,35.460030474618335],[43.26084596128194,35.46021072952149]]]}},{"type":"Feature","id":"assur-gd5ii-fecfb9950eb0","properties":{"id":"assur-gd5ii-fecfb9950eb0","siteId":"assur","siteName":"Aššur","name":"gD5II","locationType":"excavation_area","sourceId":78},"geometry":{"type":"Polygon","coordinates":[[[43.260865365222905,35.45930947337377],[43.26108567541806,35.459312646951936],[43.261089558192054,35.459132396414596],[43.26086923543089,35.45912917825942],[43.260865365222905,35.45930947337377]]]}},{"type":"Feature","id":"assur-ge9i-f06fc5d649e6","properties":{"id":"assur-ge9i-f06fc5d649e6","siteId":"assur","siteName":"Aššur","name":"gE9I","locationType":"excavation_area","sourceId":80},"geometry":{"type":"Polygon","coordinates":[[[43.261159392185064,35.45588786070325],[43.26137969406042,35.455891035019114],[43.26138357263302,35.455710783294265],[43.26116327133385,35.45570760928212],[43.261159392185064,35.45588786070325]]]}},{"type":"Feature","id":"assur-h4-d61258ca24f6","properties":{"id":"assur-h4-d61258ca24f6","siteId":"assur","siteName":"Aššur","name":"h4","locationType":"excavation_area","sourceId":81},"geometry":{"type":"Polygon","coordinates":[[[43.261282708805794,35.46039733113815],[43.26238427890228,35.460413198850205],[43.26240366549259,35.4595119391731],[43.2613021075719,35.45949607503633],[43.261282708805794,35.46039733113815]]]}},{"type":"Feature","id":"assur-ha3v-5e86c360cff0","properties":{"id":"assur-ha3v-5e86c360cff0","siteId":"assur","siteName":"Aššur","name":"hA3V","locationType":"excavation_area","sourceId":82},"geometry":{"type":"Polygon","coordinates":[[[43.261278828040915,35.460577584229135],[43.261499142564446,35.46058075838726],[43.261503021915104,35.460400506275],[43.261282708805794,35.46039733113815],[43.261278828040915,35.460577584229135]]]}},{"type":"Feature","id":"assur-hb4ii-984bc19a4843","properties":{"id":"assur-hb4ii-984bc19a4843","siteId":"assur","siteName":"Aššur","name":"hB4II","locationType":"excavation_area","sourceId":83},"geometry":{"type":"Polygon","coordinates":[[[43.26150690151071,35.460220254694846],[43.261727214489504,35.460223427885076],[43.26173109476324,35.46004318037314],[43.26151077974991,35.46004000179015],[43.26150690151071,35.460220254694846]]]}},{"type":"Feature","id":"assur-hb4v-dda5f259287d","properties":{"id":"assur-hb4v-dda5f259287d","siteId":"assur","siteName":"Aššur","name":"hB4V","locationType":"excavation_area","sourceId":84},"geometry":{"type":"Polygon","coordinates":[[[43.26151854907104,35.45967949186904],[43.26173885120986,35.45968267285492],[43.26174273143638,35.459502419194344],[43.26152241830722,35.459499247333014],[43.26151854907104,35.45967949186904]]]}},{"type":"Feature","id":"assur-hb5iii-f3a81030678e","properties":{"id":"assur-hb5iii-f3a81030678e","siteId":"assur","siteName":"Aššur","name":"hB5III","locationType":"excavation_area","sourceId":85},"geometry":{"type":"Polygon","coordinates":[[[43.26153017980017,35.45913874620331],[43.26175048732974,35.459141917161475],[43.26175436594806,35.45896166526062],[43.261534055797654,35.45895849169191],[43.26153017980017,35.45913874620331]]]}},{"type":"Feature","id":"assur-hc10iv-e9ba6785720f","properties":{"id":"assur-hc10iv-e9ba6785720f","siteId":"assur","siteName":"Aššur","name":"hC10IV","locationType":"excavation_area","sourceId":86},"geometry":{"type":"Polygon","coordinates":[[[43.261851321771644,35.4544553670405],[43.26207161830198,35.45445853840004],[43.26207549538842,35.45427828644994],[43.26185519798539,35.454275113870025],[43.261851321771644,35.4544553670405]]]}},{"type":"Feature","id":"assur-hc3v-e656693e7ee1","properties":{"id":"assur-hc3v-e656693e7ee1","siteId":"assur","siteName":"Aššur","name":"hC3V","locationType":"excavation_area","sourceId":87},"geometry":{"type":"Polygon","coordinates":[[[43.2617194655506,35.460583930130774],[43.26193977145538,35.460587105631824],[43.261943650209254,35.46040685354769],[43.261723335902154,35.460403680182495],[43.2617194655506,35.460583930130774]]]}},{"type":"Feature","id":"assur-hc4i-88e7d0f8b8c5","properties":{"id":"assur-hc4i-88e7d0f8b8c5","siteId":"assur","siteName":"Aššur","name":"hC4I","locationType":"excavation_area","sourceId":88},"geometry":{"type":"Polygon","coordinates":[[[43.261723335902154,35.460403680182495],[43.261943650209254,35.46040685354768],[43.26194752851611,35.46022660175361],[43.261727214489504,35.460223427885076],[43.261723335902154,35.460403680182495]]]}},{"type":"Feature","id":"assur-hc4iv-f2f64d75d970","properties":{"id":"assur-hc4iv-f2f64d75d970","siteId":"assur","siteName":"Aššur","name":"hC4IV","locationType":"excavation_area","sourceId":89},"geometry":{"type":"Polygon","coordinates":[[[43.26173497252725,35.45986292472333],[43.26195528519416,35.45986609798687],[43.26195916341399,35.459685846079],[43.26173885120986,35.45968267285492],[43.26173497252725,35.45986292472333]]]}},{"type":"Feature","id":"assur-hc4v-478fa3bdc4c8","properties":{"id":"assur-hc4v-478fa3bdc4c8","siteId":"assur","siteName":"Aššur","name":"hC4V","locationType":"excavation_area","sourceId":90},"geometry":{"type":"Polygon","coordinates":[[[43.26173885120986,35.45968267285492],[43.26195916341399,35.459685846079],[43.261963041790935,35.459505593703696],[43.26174273143638,35.459502419194344],[43.26173885120986,35.45968267285492]]]}},{"type":"Feature","id":"assur-hc8i-7c55133a9d29","properties":{"id":"assur-hc8i-7c55133a9d29","siteId":"assur","siteName":"Aššur","name":"hC8I","locationType":"excavation_area","sourceId":91},"geometry":{"type":"Polygon","coordinates":[[[43.261800897378166,35.45679863724824],[43.26202121097784,35.456801814937805],[43.26202508865241,35.456621562924965],[43.26180478494253,35.45661838953555],[43.261800897378166,35.45679863724824]]]}},{"type":"Feature","id":"assur-hd3v-eb5d4942ef7a","properties":{"id":"assur-hd3v-eb5d4942ef7a","siteId":"assur","siteName":"Aššur","name":"hD3V","locationType":"excavation_area","sourceId":92},"geometry":{"type":"Polygon","coordinates":[[[43.26193977145538,35.460587105631824],[43.26216009052244,35.46059027628628],[43.2621639643581,35.46041002645365],[43.261943650209254,35.46040685354768],[43.26193977145538,35.460587105631824]]]}},{"type":"Feature","id":"assur-hd4i-0ed0e29b0f09","properties":{"id":"assur-hd4i-0ed0e29b0f09","siteId":"assur","siteName":"Aššur","name":"hD4I","locationType":"excavation_area","sourceId":93},"geometry":{"type":"Polygon","coordinates":[[[43.261943650209254,35.46040685354768],[43.2621639643581,35.46041002645365],[43.26216783011469,35.46022977150124],[43.26194752851611,35.460226601753604],[43.261943650209254,35.46040685354768]]]}},{"type":"Feature","id":"assur-hd4ii-5f535f7de6ba","properties":{"id":"assur-hd4ii-5f535f7de6ba","siteId":"assur","siteName":"Aššur","name":"hD4II","locationType":"excavation_area","sourceId":94},"geometry":{"type":"Polygon","coordinates":[[[43.26194752851611,35.460226601753604],[43.26216783011469,35.46022977150124],[43.26217172002473,35.46004952275394],[43.26195140687426,35.4600463499061],[43.26194752851611,35.460226601753604]]]}},{"type":"Feature","id":"assur-hd4v-96ead1e90c88","properties":{"id":"assur-hd4v-96ead1e90c88","siteId":"assur","siteName":"Aššur","name":"hD4V","locationType":"excavation_area","sourceId":96},"geometry":{"type":"Polygon","coordinates":[[[43.26195916341399,35.459685846079],[43.26217947518714,35.45968901882742],[43.26218335329661,35.459508766757544],[43.261963041790935,35.459505593703696],[43.26195916341399,35.459685846079]]]}},{"type":"Feature","id":"assur-hd8i-04d1913af44c","properties":{"id":"assur-hd8i-04d1913af44c","siteId":"assur","siteName":"Aššur","name":"hD8I","locationType":"excavation_area","sourceId":97},"geometry":{"type":"Polygon","coordinates":[[[43.26202121097784,35.456801814937805],[43.26224152739023,35.456805170426954],[43.26224628424881,35.456624350247914],[43.26202508865241,35.456621562924965],[43.26202121097784,35.456801814937805]]]}},{"type":"Feature","id":"assur-he4i-030d5af2f188","properties":{"id":"assur-he4i-030d5af2f188","siteId":"assur","siteName":"Aššur","name":"hE4I","locationType":"excavation_area","sourceId":95},"geometry":{"type":"Polygon","coordinates":[[[43.2621639643581,35.46041002645365],[43.26238427890228,35.460413198850205],[43.26238815693613,35.46023294769616],[43.26216783011469,35.46022977150124],[43.2621639643581,35.46041002645365]]]}},{"type":"Feature","id":"assur-he4ii-f0314ef9a16b","properties":{"id":"assur-he4ii-f0314ef9a16b","siteId":"assur","siteName":"Aššur","name":"hE4II","locationType":"excavation_area","sourceId":98},"geometry":{"type":"Polygon","coordinates":[[[43.26216783011469,35.46022977150124],[43.26238815693613,35.46023294769616],[43.26239204149746,35.46005266074182],[43.26217172002473,35.46004952275394],[43.26216783011469,35.46022977150124]]]}},{"type":"Feature","id":"assur-he4iii-484562f8f1ab","properties":{"id":"assur-he4iii-484562f8f1ab","siteId":"assur","siteName":"Aššur","name":"hE4III","locationType":"excavation_area","sourceId":99},"geometry":{"type":"Polygon","coordinates":[[[43.26217172002473,35.46004952275394],[43.26239204149746,35.46005266074182],[43.262395910582356,35.459872443343514],[43.262175598238954,35.45986927490772],[43.26217172002473,35.46004952275394]]]}},{"type":"Feature","id":"assur-he8i-e1127cc93dfe","properties":{"id":"assur-he8i-e1127cc93dfe","siteId":"assur","siteName":"Aššur","name":"hE8I","locationType":"excavation_area","sourceId":100},"geometry":{"type":"Polygon","coordinates":[[[43.26224152739023,35.456805170426954],[43.26246181232924,35.45680815329642],[43.26246569637445,35.45662790754241],[43.26224628424881,35.456624350247914],[43.26224152739023,35.456805170426954]]]}},{"type":"Feature","id":"assur-i3-4b3b8fad7570","properties":{"id":"assur-i3-4b3b8fad7570","siteId":"assur","siteName":"Aššur","name":"i3","locationType":"excavation_area","sourceId":101},"geometry":{"type":"Polygon","coordinates":[[[43.262364891852094,35.46131446150519],[43.263466474096774,35.46133031524286],[43.2634858522973,35.46042905638021],[43.26238427890228,35.460413198850205],[43.262364891852094,35.46131446150519]]]}},{"type":"Feature","id":"assur-ia3iv-954858445363","properties":{"id":"assur-ia3iv-954858445363","siteId":"assur","siteName":"Aššur","name":"iA3IV","locationType":"excavation_area","sourceId":102},"geometry":{"type":"Polygon","coordinates":[[[43.262376523044274,35.460773702520015],[43.26259683716044,35.46077688047906],[43.26260073563897,35.460596595537126],[43.262380401626885,35.46059345085878],[43.262376523044274,35.460773702520015]]]}},{"type":"Feature","id":"assur-ia4i-43241c493419","properties":{"id":"assur-ia4i-43241c493419","siteId":"assur","siteName":"Aššur","name":"iA4I","locationType":"excavation_area","sourceId":103},"geometry":{"type":"Polygon","coordinates":[[[43.26238427890228,35.460413198850205],[43.2626045926979,35.46041637115631],[43.26260847069998,35.46023611942661],[43.26238815693613,35.46023294769616],[43.26238427890228,35.460413198850205]]]}},{"type":"Feature","id":"assur-ia4ii-4ea6406187c8","properties":{"id":"assur-ia4ii-4ea6406187c8","siteId":"assur","siteName":"Aššur","name":"iA4II","locationType":"excavation_area","sourceId":104},"geometry":{"type":"Polygon","coordinates":[[[43.26238815693613,35.46023294769616],[43.26260847069998,35.460236119426604],[43.26261234644811,35.46005586734787],[43.26239204149746,35.46005266074182],[43.26238815693613,35.46023294769616]]]}},{"type":"Feature","id":"assur-ia4iv-b128914b08d6","properties":{"id":"assur-ia4iv-b128914b08d6","siteId":"assur","siteName":"Aššur","name":"iA4IV","locationType":"excavation_area","sourceId":105},"geometry":{"type":"Polygon","coordinates":[[[43.262395910582356,35.459872443343514],[43.26261622337371,35.45987561533102],[43.262620100063806,35.459695363321316],[43.26239978817236,35.459692191374835],[43.262395910582356,35.459872443343514]]]}},{"type":"Feature","id":"assur-ia4v-bcc63bb63b4d","properties":{"id":"assur-ia4v-bcc63bb63b4d","siteId":"assur","siteName":"Aššur","name":"iA4V","locationType":"excavation_area","sourceId":106},"geometry":{"type":"Polygon","coordinates":[[[43.26239978817236,35.459692191374835],[43.262620100063806,35.459695363321316],[43.26262397682119,35.45951511144418],[43.26240366549259,35.4595119391731],[43.26239978817236,35.459692191374835]]]}},{"type":"Feature","id":"assur-ia8i-6aa9d256700b","properties":{"id":"assur-ia8i-6aa9d256700b","siteId":"assur","siteName":"Aššur","name":"iA8I","locationType":"excavation_area","sourceId":107},"geometry":{"type":"Polygon","coordinates":[[[43.26246181232924,35.45680815329641],[43.26268205785873,35.456811411661576],[43.26268599998322,35.45663107990898],[43.26246569637445,35.45662790754241],[43.26246181232924,35.45680815329641]]]}},{"type":"Feature","id":"assur-ib3ii-5f955c916bd6","properties":{"id":"assur-ib3ii-5f955c916bd6","siteId":"assur","siteName":"Aššur","name":"iB3II","locationType":"excavation_area","sourceId":108},"geometry":{"type":"Polygon","coordinates":[[[43.26258906974302,35.46113740286676],[43.26280940091811,35.46114055079496],[43.26281328029252,35.46096029919549],[43.26259296175831,35.460957126968864],[43.26258906974302,35.46113740286676]]]}},{"type":"Feature","id":"assur-ib3iii-9c0254833076","properties":{"id":"assur-ib3iii-9c0254833076","siteId":"assur","siteName":"Aššur","name":"iB3III","locationType":"excavation_area","sourceId":109},"geometry":{"type":"Polygon","coordinates":[[[43.26259296175831,35.460957126968864],[43.26281328029252,35.46096029919548],[43.26281715402787,35.460780046868464],[43.26259683716044,35.46077688047906],[43.26259296175831,35.460957126968864]]]}},{"type":"Feature","id":"assur-ib3iv-5d5a2ab832b9","properties":{"id":"assur-ib3iv-5d5a2ab832b9","siteId":"assur","siteName":"Aššur","name":"iB3IV","locationType":"excavation_area","sourceId":110},"geometry":{"type":"Polygon","coordinates":[[[43.26259683716044,35.46077688047906],[43.26281715402787,35.460780046868464],[43.2628210304943,35.46059979492444],[43.26260073563897,35.460596595537126],[43.26259683716044,35.46077688047906]]]}},{"type":"Feature","id":"assur-ib4i-69c767eaaa9b","properties":{"id":"assur-ib4i-69c767eaaa9b","siteId":"assur","siteName":"Aššur","name":"iB4I","locationType":"excavation_area","sourceId":111},"geometry":{"type":"Polygon","coordinates":[[[43.2626045926979,35.46041637115631],[43.26282490694786,35.46041954270132],[43.26282878338278,35.46023929099841],[43.26260847069998,35.4602361194266],[43.2626045926979,35.46041637115631]]]}},{"type":"Feature","id":"assur-ib4ii-6d81d4c48c28","properties":{"id":"assur-ib4ii-6d81d4c48c28","siteId":"assur","siteName":"Aššur","name":"iB4II","locationType":"excavation_area","sourceId":112},"geometry":{"type":"Polygon","coordinates":[[[43.26260847069998,35.46023611942659],[43.26282878338278,35.46023929099841],[43.262832659890826,35.4600590396084],[43.26261234644811,35.46005586734787],[43.26260847069998,35.46023611942659]]]}},{"type":"Feature","id":"assur-ib4iii-0a4e3a9fea3c","properties":{"id":"assur-ib4iii-0a4e3a9fea3c","siteId":"assur","siteName":"Aššur","name":"iB4III","locationType":"excavation_area","sourceId":113},"geometry":{"type":"Polygon","coordinates":[[[43.26261234644811,35.46005586734787],[43.262832659890826,35.4600590396084],[43.26283653605098,35.45987878704478],[43.26261622337371,35.45987561533102],[43.26261234644811,35.46005586734787]]]}},{"type":"Feature","id":"assur-ib4iv-a6b663a19751","properties":{"id":"assur-ib4iv-a6b663a19751","siteId":"assur","siteName":"Aššur","name":"iB4IV","locationType":"excavation_area","sourceId":114},"geometry":{"type":"Polygon","coordinates":[[[43.26261622337371,35.45987561533102],[43.26283653605098,35.45987878704478],[43.26284041256241,35.45969853532581],[43.262620100063806,35.459695363321316],[43.26261622337371,35.45987561533102]]]}},{"type":"Feature","id":"assur-ib4v-a8f3256907f1","properties":{"id":"assur-ib4v-a8f3256907f1","siteId":"assur","siteName":"Aššur","name":"iB4V","locationType":"excavation_area","sourceId":115},"geometry":{"type":"Polygon","coordinates":[[[43.262620100063806,35.459695363321316],[43.26284041256241,35.45969853532581],[43.262844289999855,35.45951828304686],[43.26262397682119,35.45951511144418],[43.262620100063806,35.459695363321316]]]}},{"type":"Feature","id":"assur-ib6iii-a1259d123f1e","properties":{"id":"assur-ib6iii-a1259d123f1e","siteId":"assur","siteName":"Aššur","name":"iB6III","locationType":"excavation_area","sourceId":116},"geometry":{"type":"Polygon","coordinates":[[[43.26265111503309,35.45825334912844],[43.26287142139648,35.458256518790805],[43.2628752973451,35.45807626695814],[43.2626549898081,35.45807309541591],[43.26265111503309,35.45825334912844]]]}},{"type":"Feature","id":"assur-ib7i-ee0365a27ee5","properties":{"id":"assur-ib7i-ee0365a27ee5","siteId":"assur","siteName":"Aššur","name":"iB7I","locationType":"excavation_area","sourceId":117},"geometry":{"type":"Polygon","coordinates":[[[43.26266274249105,35.457712591464734],[43.26288304938385,35.45771576288832],[43.26288692530791,35.457535510843734],[43.262666618909435,35.457532339409646],[43.26266274249105,35.457712591464734]]]}},{"type":"Feature","id":"assur-ic3ii-b81d7278c59c","properties":{"id":"assur-ic3ii-b81d7278c59c","siteId":"assur","siteName":"Aššur","name":"iC3II","locationType":"excavation_area","sourceId":118},"geometry":{"type":"Polygon","coordinates":[[[43.26280940091811,35.46114055079496],[43.263029701205944,35.46114371787259],[43.26303355003051,35.4609633933416],[43.26281328029252,35.46096029919547],[43.26280940091811,35.46114055079496]]]}},{"type":"Feature","id":"assur-ic4i-df9fe989b4ff","properties":{"id":"assur-ic4i-df9fe989b4ff","siteId":"assur","siteName":"Aššur","name":"iC4I","locationType":"excavation_area","sourceId":119},"geometry":{"type":"Polygon","coordinates":[[[43.26282490694786,35.46041954270132],[43.263045221218675,35.460422714284526],[43.263049101493266,35.46024246197453],[43.26282878338278,35.46023929099841],[43.26282490694786,35.46041954270132]]]}},{"type":"Feature","id":"assur-ic4ii-12e470b76085","properties":{"id":"assur-ic4ii-12e470b76085","siteId":"assur","siteName":"Aššur","name":"iC4II","locationType":"excavation_area","sourceId":120},"geometry":{"type":"Polygon","coordinates":[[[43.26282878338278,35.46023929099841],[43.263049101493266,35.46024246197453],[43.26305297310496,35.460062210328886],[43.262832659890826,35.4600590396084],[43.26282878338278,35.46023929099841]]]}},{"type":"Feature","id":"assur-ic4iii-6b755722331e","properties":{"id":"assur-ic4iii-6b755722331e","siteId":"assur","siteName":"Aššur","name":"iC4III","locationType":"excavation_area","sourceId":121},"geometry":{"type":"Polygon","coordinates":[[[43.262832659890826,35.4600590396084],[43.26305297310496,35.460062210328886],[43.263056876098254,35.45988202633687],[43.26283653605098,35.45987878704478],[43.262832659890826,35.4600590396084]]]}},{"type":"Feature","id":"assur-ic4iv-c0a218a92708","properties":{"id":"assur-ic4iv-c0a218a92708","siteId":"assur","siteName":"Aššur","name":"iC4IV","locationType":"excavation_area","sourceId":122},"geometry":{"type":"Polygon","coordinates":[[[43.26283653605098,35.45987878704478],[43.263056876098254,35.45988202633687],[43.263060724667284,35.4597017063687],[43.26284041256241,35.45969853532581],[43.26283653605098,35.45987878704478]]]}},{"type":"Feature","id":"assur-ic4v-6332648aea16","properties":{"id":"assur-ic4v-6332648aea16","siteId":"assur","siteName":"Aššur","name":"iC4V","locationType":"excavation_area","sourceId":123},"geometry":{"type":"Polygon","coordinates":[[[43.26284041256241,35.45969853532581],[43.263060724667284,35.4597017063687],[43.26306460044044,35.45952145429577],[43.262844289999855,35.45951828304686],[43.26284041256241,35.45969853532581]]]}},{"type":"Feature","id":"assur-ic5i-5cb3680f11f1","properties":{"id":"assur-ic5i-5cb3680f11f1","siteId":"assur","siteName":"Aššur","name":"iC5I","locationType":"excavation_area","sourceId":125},"geometry":{"type":"Polygon","coordinates":[[[43.262844289999855,35.45951828304686],[43.26306460044044,35.45952145429577],[43.26306847621186,35.45934120226677],[43.26284816498785,35.45933803116236],[43.262844289999855,35.45951828304686]]]}},{"type":"Feature","id":"assur-ic6iii-26ecdd95a8d8","properties":{"id":"assur-ic6iii-26ecdd95a8d8","siteId":"assur","siteName":"Aššur","name":"iC6III","locationType":"excavation_area","sourceId":126},"geometry":{"type":"Polygon","coordinates":[[[43.26287142139648,35.458256518790805],[43.26309172987626,35.458259690036556],[43.26309560540789,35.458079438013954],[43.2628752973451,35.45807626695814],[43.26287142139648,35.458256518790805]]]}},{"type":"Feature","id":"assur-id3iv-5388a6fdd9f3","properties":{"id":"assur-id3iv-5388a6fdd9f3","siteId":"assur","siteName":"Aššur","name":"iD3IV","locationType":"excavation_area","sourceId":127},"geometry":{"type":"Polygon","coordinates":[[[43.263037469140315,35.460783218320856],[43.263257784590095,35.46078638920147],[43.26326166007307,35.46060613719991],[43.263041345273244,35.46060296626453],[43.263037469140315,35.460783218320856]]]}},{"type":"Feature","id":"assur-id3v-b2da9fe54e6d","properties":{"id":"assur-id3v-b2da9fe54e6d","siteId":"assur","siteName":"Aššur","name":"iD3V","locationType":"excavation_area","sourceId":128},"geometry":{"type":"Polygon","coordinates":[[[43.263041345273244,35.46060296626453],[43.26326166007307,35.46060613719991],[43.26326553556614,35.460425885201865],[43.263045221218675,35.460422714284526],[43.263041345273244,35.46060296626453]]]}},{"type":"Feature","id":"assur-id4iv-becfbc958fce","properties":{"id":"assur-id4iv-becfbc958fce","siteId":"assur","siteName":"Aššur","name":"iD4IV","locationType":"excavation_area","sourceId":129},"geometry":{"type":"Polygon","coordinates":[[[43.263056876098254,35.45988202633687],[43.26327716163275,35.459885129124245],[43.26328103705301,35.4597048771782],[43.263060724667284,35.4597017063687],[43.263056876098254,35.45988202633687]]]}},{"type":"Feature","id":"assur-id4v-b45c39108b04","properties":{"id":"assur-id4v-b45c39108b04","siteId":"assur","siteName":"Aššur","name":"iD4V","locationType":"excavation_area","sourceId":130},"geometry":{"type":"Polygon","coordinates":[[[43.263060724667284,35.4597017063687],[43.26328103705301,35.4597048771782],[43.26328491229529,35.45952462511167],[43.26306460044044,35.45952145429577],[43.263060724667284,35.4597017063687]]]}},{"type":"Feature","id":"assur-id5i-9cf249acf23a","properties":{"id":"assur-id5i-9cf249acf23a","siteId":"assur","siteName":"Aššur","name":"iD5I","locationType":"excavation_area","sourceId":131},"geometry":{"type":"Polygon","coordinates":[[[43.26306460044044,35.45952145429577],[43.26328491229529,35.45952462511167],[43.26328878757395,35.459344373056524],[43.26306847621186,35.45934120226677],[43.26306460044044,35.45952145429577]]]}},{"type":"Feature","id":"assur-id8i-d16dd7b3c388","properties":{"id":"assur-id8i-d16dd7b3c388","siteId":"assur","siteName":"Aššur","name":"iD8I","locationType":"excavation_area","sourceId":132},"geometry":{"type":"Polygon","coordinates":[[[43.26312273950123,35.45681765169435],[43.26334303882888,35.456820845183344],[43.26334690897307,35.45664058157287],[43.263126617510984,35.456637415128185],[43.26312273950123,35.45681765169435]]]}},{"type":"Feature","id":"assur-l8-d809790a6828","properties":{"id":"assur-l8-d809790a6828","siteId":"assur","siteName":"Aššur","name":"l8","locationType":"excavation_area","sourceId":133},"geometry":{"type":"Polygon","coordinates":[[[43.26466486625695,35.45683985875571],[43.26576638998763,35.4568556928289],[43.265785735749354,35.45595443085695],[43.26468422421065,35.4559385970502],[43.26466486625695,35.45683985875571]]]}},{"type":"Feature","id":"assur-l9-081650a81622","properties":{"id":"assur-l9-081650a81622","siteId":"assur","siteName":"Aššur","name":"l9","locationType":"excavation_area","sourceId":134},"geometry":{"type":"Polygon","coordinates":[[[43.26468422421065,35.4559385970502],[43.265785735749354,35.45595443085695],[43.265805081423075,35.45505316899148],[43.26470358192582,35.455037335590916],[43.26468422421065,35.4559385970502]]]}},{"type":"Feature","id":"assur-la9ii-a1ccc873746b","properties":{"id":"assur-la9ii-a1ccc873746b","siteId":"assur","siteName":"Aššur","name":"lA9II","locationType":"excavation_area","sourceId":124},"geometry":{"type":"Polygon","coordinates":[[[43.264688086093386,35.455758323133104],[43.26490839136807,35.455761513645655],[43.26491226737367,35.45558125958554],[43.26469196733952,35.4555780927761],[43.264688086093386,35.455758323133104]]]}},{"type":"Feature","id":"kalhu-1","properties":{"id":"kalhu-1","siteId":"kalhu","siteName":"Kalḫu","name":"Kalhu","locationType":"excavation_area","sourceId":1},"geometry":{"type":"Polygon","coordinates":[[[43.32641193205038,36.109344967029664],[43.32691639762208,36.109525049086166],[43.327514717253635,36.109586656010705],[43.32838286730726,36.10969091377292],[43.32982587347749,36.10987573401129],[43.330465254260226,36.10997051345201],[43.33153871006978,36.110055814850874],[43.332852666907705,36.11007950966746],[43.33366802405266,36.11009846551558],[43.33653057287817,36.11019324468752],[43.33908809600913,36.11029750164457],[43.34151656980779,36.11026906794274],[43.34369867669935,36.11034489112474],[43.349681873014895,36.11041123634895],[43.35003969161808,36.10716499359594],[43.35014527743541,36.10586408932101],[43.350409241978745,36.102444669889564],[43.35040044316061,36.09793379435873],[43.35038724493344,36.09726193967551],[43.350360848479106,36.096280808231526],[43.34927859385144,36.0962914727696],[43.3487770612191,36.09500638551197],[43.348268929473186,36.09401456106115],[43.347892779998936,36.093449322172525],[43.347615617228435,36.09319336360269],[43.34700189966518,36.09292673920599],[43.346170411353675,36.09285741671469],[43.34533892304218,36.09278276165569],[43.344388650686184,36.09292673920599],[43.339115958933085,36.09397190166422],[43.33754536990025,36.094099879785546],[43.33540725709924,36.09437716500015],[43.33399504679241,36.09455846634228],[43.33052391304757,36.095134361948695],[43.329494451328564,36.09550762536539],[43.3285309807454,36.095902216192414],[43.3272639509374,36.09627547596197],[43.326868004122396,36.09668072741865],[43.32680201298656,36.097107305641586],[43.32657764312473,36.09793912651578],[43.32652485021605,36.100082624340075],[43.326260885672724,36.10097839715085],[43.32630048035422,36.10171420289119],[43.325772551267555,36.104198829322705],[43.32535020799823,36.10536113831446],[43.325257820408055,36.106502103809106],[43.32606291226523,36.10883729927285],[43.32641193205038,36.109344967029664]]]}},{"type":"Feature","id":"kalhu-2","properties":{"id":"kalhu-2","siteId":"kalhu","siteName":"Kalḫu","name":"D XII","locationType":"excavation_area","sourceId":2},"geometry":{"type":"Polygon","coordinates":[[[43.329829841073646,36.0966540206053],[43.32985180374854,36.096656020196804],[43.32985365974924,36.09661377881551],[43.329858299750974,36.09661377881551],[43.32985891841788,36.09659828197171],[43.329833553075034,36.096597532124356],[43.329829841073646,36.0966540206053]]]}},{"type":"Feature","id":"kalhu-3","properties":{"id":"kalhu-3","siteId":"kalhu","siteName":"Kalḫu","name":"ZT","locationType":"excavation_area","sourceId":3},"geometry":{"type":"Polygon","coordinates":[[[43.326869425322776,36.1004112886671],[43.327161745432285,36.10038504527883],[43.327165457433686,36.10040229093496],[43.32718680144168,36.1003985418796],[43.327187729442024,36.10038504527883],[43.32725825746844,36.100381296222636],[43.327264753470885,36.100399291690685],[43.327346417501474,36.1003917935795],[43.327346417501474,36.100381296222636],[43.32752552156858,36.100361801127605],[43.32753108957066,36.100377547166275],[43.32761460960196,36.10037154867573],[43.32761182560091,36.10035355320133],[43.327792785668706,36.10033630753449],[43.327792785668706,36.10034980414365],[43.3278781617007,36.10034286838643],[43.3278765377001,36.100329559229024],[43.32805587376729,36.10031325082182],[43.328061905769545,36.100333870646466],[43.32814820980188,36.10032562271726],[43.32813428979668,36.10024201865868],[43.32812245779225,36.10024314337754],[43.32803406575913,36.09962398320601],[43.32674159327491,36.09973533117162],[43.326869425322776,36.1004112886671]]]}},{"type":"Feature","id":"kalhu-4","properties":{"id":"kalhu-4","siteId":"kalhu","siteName":"Kalḫu","name":"ZTW 4","locationType":"excavation_area","sourceId":4},"geometry":{"type":"Polygon","coordinates":[[[43.32741920387864,36.10081923458706],[43.3274834099027,36.10082049988649],[43.327482365902306,36.100698187514126],[43.32741711587786,36.100698609281245],[43.32741920387864,36.10081923458706]]]}},{"type":"Feature","id":"kalhu-5","properties":{"id":"kalhu-5","siteId":"kalhu","siteName":"Kalḫu","name":"ZTE 25","locationType":"excavation_area","sourceId":5},"geometry":{"type":"Polygon","coordinates":[[[43.32785725979281,36.100257360646694],[43.328098423883155,36.100240068095474],[43.328089549879834,36.10020210882331],[43.32785099579047,36.10022108846168],[43.32785725979281,36.100257360646694]]]}},{"type":"Feature","id":"kalhu-6","properties":{"id":"kalhu-6","siteId":"kalhu","siteName":"Kalḫu","name":"ekal māšarti (Fort Shalmaneser)","locationType":"excavation_area","sourceId":6},"geometry":{"type":"Polygon","coordinates":[[[43.34658969351064,36.095734964725665],[43.34667425754232,36.09571092247706],[43.34666564453909,36.09569299623428],[43.34683372860206,36.095641748247054],[43.346844951606265,36.09565988539861],[43.34692194663511,36.095633101464024],[43.34691463863238,36.095617284175525],[43.3470748926924,36.09556561434425],[43.34708611569661,36.09558564958898],[43.34717041872818,36.09556013101322],[43.34716128372476,36.09554178294123],[43.347321798784904,36.095492432933256],[43.34733145578851,36.095511413709225],[43.34741393181942,36.095486949597124],[43.3474032308154,36.09546670342962],[43.34756244087505,36.0954179860677],[43.34757261987887,36.09543696686165],[43.34765457390956,36.095410604646595],[43.34764569990624,36.09539499821111],[43.34780908596745,36.09534227374399],[43.347822918972625,36.09537327573495],[43.34803171905086,36.09530747557632],[43.348017364045475,36.095277106253754],[43.34817526910464,36.09522627979183],[43.348185187108356,36.09524526063208],[43.34826857663957,36.09521731661566],[43.34826035513649,36.095201393794326],[43.34841643319495,36.09515341441249],[43.348423741197685,36.0951675446071],[43.34850543422828,36.09514160409863],[43.34849603822476,36.0951247322186],[43.348652638283426,36.0950772800366],[43.34866438328782,36.095096682710036],[43.34870327230237,36.09508170890813],[43.34777306795395,36.093359913562274],[43.347599763889036,36.09320300138087],[43.34738730980945,36.09327217775753],[43.34737686980554,36.09325699270445],[43.34735076979576,36.09326648336297],[43.34735651179791,36.09328040299338],[43.34731971078413,36.09329221358695],[43.34732675778677,36.09330465688897],[43.34730979278042,36.093310245829066],[43.347303267777974,36.09330128243438],[43.34725093725837,36.09332047464293],[43.34724167175491,36.09330803134341],[43.347158151723626,36.09333565968374],[43.34714223071766,36.09330634411621],[43.347094206699666,36.093322161869835],[43.34710490770368,36.09334662665584],[43.34708272269537,36.09335379736753],[43.34708742069713,36.093365397046824],[43.347051663683736,36.09337762943404],[43.34705688368569,36.09339260356064],[43.347024780673664,36.09340272691221],[43.34695692064823,36.0932626870997],[43.34698067165712,36.093254250958445],[43.34697127565361,36.09323674596246],[43.34696135764989,36.09324012041982],[43.34695535464764,36.09322936433647],[43.34694700264451,36.09323252789056],[43.34693943364168,36.09321839734802],[43.34695822564871,36.093210593913],[43.34692299063552,36.093144370135924],[43.34690654762936,36.0931498536355],[43.34689349762447,36.093121381614274],[43.34690837463004,36.09311568720879],[43.34688305762055,36.09306275030843],[43.34686557061401,36.093069077429874],[43.34682511559886,36.09297564688481],[43.34650330247831,36.09307287370248],[43.346547150494736,36.09316988949612],[43.34653514449024,36.09318001287638],[43.34654610649435,36.09320658674335],[43.346537232491016,36.09321375746783],[43.34654767249493,36.09323316060136],[43.34652888048789,36.0932403313234],[43.34653984249199,36.09326479613487],[43.34656698650216,36.09325635999385],[43.34659569651292,36.09331077308755],[43.346611878518985,36.09330486779238],[43.34668234854538,36.093450812814375],[43.346609790518194,36.093472746724885],[43.34661292251937,36.093483713677855],[43.3464234364484,36.093541922864105],[43.34641456244508,36.09352378522374],[43.34635923042435,36.09354276647518],[43.346332086414186,36.0934870881246],[43.346315904408115,36.09349257160027],[43.34615878234927,36.09315850069176],[43.346170005353486,36.09315364990422],[43.346143122343406,36.093098182181926],[43.34613137733901,36.09310155664524],[43.346050728308796,36.09292777159633],[43.34589621625092,36.09297206151179],[43.346026716299804,36.093250454694584],[43.345761540200485,36.093336503297024],[43.34575318819734,36.093315412962006],[43.34568115217035,36.093328488970386],[43.345610160143764,36.093212913853215],[43.345578840132035,36.09319224529244],[43.34555221812206,36.09319055806275],[43.345537602116586,36.09319941601822],[43.34555378412265,36.093237800480395],[43.345587714135355,36.09322725530035],[43.345648788158236,36.093373622272914],[43.34562451514915,36.093380792982146],[43.34565087615902,36.0934455402388],[43.34567201716694,36.09344005675985],[43.34573335218992,36.09358969232712],[43.3457119501819,36.093596863016636],[43.345739616192255,36.09366118829039],[43.3457584081993,36.09365591572895],[43.34582809522541,36.09380692174864],[43.34580277821592,36.093816412340736],[43.34583044422628,36.09387926112175],[43.345848453233025,36.09387419947682],[43.34591161525668,36.09403174302249],[43.345890213248666,36.0940384918688],[43.34591840125923,36.09410513669497],[43.34593823726666,36.09409965326204],[43.346002443290715,36.09425572004979],[43.3459799972823,36.09426246887686],[43.346007141292475,36.094324473698485],[43.34602906530068,36.09431941208223],[43.34609588132572,36.094476322034616],[43.34607199981676,36.0944843362442],[43.346097708326376,36.094546129990704],[43.34612054583494,36.09454011933831],[43.34618546960926,36.09469491985331],[43.346161196600164,36.09470187954233],[43.346188797360504,36.094765149414194],[43.34621013411849,36.0947581897308],[43.346278255144,36.09491699689887],[43.34625450413511,36.094925116513046],[43.34628334464591,36.094991338789576],[43.34630331115339,36.09498553907014],[43.34636882217792,36.09514086595394],[43.3463247131614,36.095154996150804],[43.34640092518995,36.09532139484522],[43.34643589920305,36.09531148263881],[43.34649775622622,36.09545341687934],[43.34647531021782,36.095460587398804],[43.34650454222877,36.09552596563432],[43.346526205236884,36.095518795120825],[43.346581928757736,36.0956602017442],[43.346560787749816,36.09566695045067],[43.34658969351064,36.095734964725665]]]}},{"type":"Feature","id":"kalhu-7","properties":{"id":"kalhu-7","siteId":"kalhu","siteName":"Kalḫu","name":"Ezida","locationType":"excavation_area","sourceId":7},"geometry":{"type":"Polygon","coordinates":[[[43.329840468887106,36.09735806364199],[43.329837858886144,36.09737577861246],[43.330684543203276,36.09745507414561],[43.33067723520055,36.09685613781914],[43.33067044919799,36.09668151749545],[43.3303541170795,36.0966899532688],[43.330356205080285,36.09668320465019],[43.32995948493169,36.09666633310113],[43.329840468887106,36.09735806364199]]]}},{"type":"Feature","id":"kalhu-8","properties":{"id":"kalhu-8","siteId":"kalhu","siteName":"Kalḫu","name":"North-West Palace","locationType":"excavation_area","sourceId":8},"geometry":{"type":"Polygon","coordinates":[[[43.32682167675627,36.100426437189974],[43.32692190894992,36.1004205983309],[43.32692220257503,36.10040256772034],[43.32715798353836,36.100388095779934],[43.32715798353836,36.100406363638704],[43.327190869550684,36.10040683812848],[43.327193805801784,36.100385723330426],[43.32725399894934,36.10038216465604],[43.327254292574445,36.10039734833231],[43.32734414185811,36.100389282004656],[43.327345316358546,36.100370776896916],[43.32754145793203,36.10035867740104],[43.32754263243247,36.10037575904173],[43.32761192795843,36.1003719631219],[43.32761368970909,36.10035108555954],[43.32777988152136,36.10033495289391],[43.32778164327202,36.10034776412865],[43.32786385830282,36.10034159575662],[43.32786444555305,36.10032546308904],[43.32804414412037,36.10030980490851],[43.32804708037147,36.10032925901112],[43.32813223165336,36.10032261614736],[43.3281275336516,36.10023483539489],[43.32811109064545,36.10023530988571],[43.3280746811318,36.09998098239668],[43.32809875839083,36.09998098239668],[43.32808576547971,36.09987623814018],[43.328082829228606,36.099826416361026],[43.32805376034271,36.099826416361026],[43.32796068118288,36.099080983873826],[43.328029976708834,36.09907813688705],[43.328032325709714,36.09908240736717],[43.328068147973134,36.099079085882664],[43.32798260519109,36.098366386957395],[43.3273589454575,36.098415102491444],[43.327356204956466,36.098362274605755],[43.32732958294651,36.09812017270312],[43.32709102885715,36.09813788750177],[43.32711556286634,36.09834371629815],[43.32686239277151,36.09836353994474],[43.32686761277347,36.09843946024717],[43.32668595670542,36.09845675319468],[43.32666090069604,36.09902868365592],[43.326824808757436,36.10033280450759],[43.32681071475216,36.10033575689116],[43.32682167675627,36.100426437189974]]]}},{"type":"Feature","id":"kalhu-9","properties":{"id":"kalhu-9","siteId":"kalhu","siteName":"Kalḫu","name":"Burnt Palace","locationType":"excavation_area","sourceId":9},"geometry":{"type":"Polygon","coordinates":[[[43.329481928259106,36.09732620515769],[43.329540653281114,36.09733854237469],[43.329548874784194,36.097292040546655],[43.3297250498502,36.09731671498945],[43.32971213034536,36.097378401062535],[43.32974501635768,36.09737935007867],[43.32979082187484,36.09716297410424],[43.329814311883645,36.09716582116041],[43.32987068790476,36.09687257383374],[43.329883607409606,36.09668846330245],[43.329873036905646,36.09668941232691],[43.329871862405206,36.096566039050586],[43.32971682834712,36.09656319197269],[43.32971565384667,36.096622031561544],[43.32950894176923,36.09663057278852],[43.3294995457657,36.096781467645364],[43.32950072026615,36.09721991520791],[43.329481928259106,36.09732620515769]]]}},{"type":"Feature","id":"kalhu-10","properties":{"id":"kalhu-10","siteId":"kalhu","siteName":"Kalḫu","name":"Southwest Palace","locationType":"excavation_area","sourceId":10},"geometry":{"type":"Polygon","coordinates":[[[43.32709925806658,36.09744114219477],[43.32833718153038,36.09741646779105],[43.3283113425207,36.0969685311149],[43.32789556936492,36.09698181740898],[43.32788852236228,36.09674076572403],[43.327860334351726,36.09646934443783],[43.32706402305338,36.096577533454486],[43.32709925806658,36.09744114219477]]]}},{"type":"Feature","id":"kalhu-11","properties":{"id":"kalhu-11","siteId":"kalhu","siteName":"Kalḫu","name":"Governors Palace","locationType":"excavation_area","sourceId":11},"geometry":{"type":"Polygon","coordinates":[[[43.33004449359597,36.09799831884003],[43.33007268357599,36.09781040177418],[43.330048017343486,36.097796165614504],[43.33005506483848,36.097643838544656],[43.330167824758526,36.0976594983505],[43.33017134850603,36.097631025973904],[43.33003744610097,36.0976096716847],[43.33003920797473,36.097574081189784],[43.33017663412728,36.09759401186893],[43.330185443496035,36.09756269222801],[43.330048017343486,36.09754703240287],[43.330058588585985,36.097505747394365],[43.3297044519621,36.09746303874205],[43.32969564259335,36.09758404652999],[43.32980135501839,36.09761109530417],[43.32978021253338,36.09769224157081],[43.32972207069961,36.097693665188785],[43.32968154760334,36.09787161723135],[43.329741451310866,36.09788442976285],[43.329737927563365,36.0979499160024],[43.33004449359597,36.09799831884003]]]}},{"type":"Feature","id":"kalhu-12","properties":{"id":"kalhu-12","siteId":"kalhu","siteName":"Kalḫu","name":"Central Palace","locationType":"excavation_area","sourceId":12},"geometry":{"type":"Polygon","coordinates":[[[43.32855218652918,36.09861616420693],[43.32875656388425,36.09859908099019],[43.32872485015674,36.09821186041483],[43.3286085664892,36.09821755484888],[43.32861032836295,36.09818054102017],[43.32836190416411,36.0981947771102],[43.3283583804166,36.09823463814856],[43.328287905466574,36.09823748536481],[43.32829495296158,36.09834995032422],[43.32852928217042,36.09834425589977],[43.32855218652918,36.09861616420693]]]}},{"type":"Feature","id":"nippur-1","properties":{"id":"nippur-1","siteId":"nippur","siteName":"Nippur","name":"Scribal Quarter","locationType":"excavation_area","sourceId":1},"geometry":{"type":"Polygon","coordinates":[[[45.23396166434916,32.12717346890324],[45.234222998262624,32.12717997819123],[45.23443821442665,32.12728412673586],[45.23475335238113,32.12734271023997],[45.234922450795736,32.12732318240945],[45.235276020208076,32.12711488529045],[45.235368255706945,32.12691309700297],[45.23522990245864,32.12661366839912],[45.23511460808504,32.12635980424789],[45.23514535325135,32.1261775423704],[45.23508386291876,32.125936695759584],[45.234922450795736,32.125455000630765],[45.23493013708731,32.12518160496699],[45.23493013708731,32.12488868013252],[45.234776411255865,32.12444603637634],[45.23468417575698,32.12423773268928],[45.23450739105081,32.124107542643394],[45.234222998262624,32.124166128187035],[45.23401546839016,32.12423773268928],[45.233815624809274,32.12438094152522],[45.23359272235366,32.12462179224244],[45.233408251355925,32.12484311396264],[45.2334159376475,32.12512302007532],[45.23340056506436,32.12546801945147],[45.233246839232905,32.12558518875418],[45.23277797544697,32.1258130175232],[45.232470523784066,32.12608641129513],[45.23224762132846,32.126457444389644],[45.23227068020317,32.126782910774224],[45.232508955241926,32.127056301640074],[45.23302393677729,32.12722554319412],[45.23353891831266,32.12722554319412],[45.23396166434916,32.12717346890324]]]}},{"type":"Feature","id":"nippur-2","properties":{"id":"nippur-2","siteId":"nippur","siteName":"Nippur","name":"West Mound","locationType":"excavation_area","sourceId":2},"geometry":{"type":"Polygon","coordinates":[[[45.23324683923289,32.1233263984675],[45.232847152071116,32.122974881406805],[45.23210926808014,32.122740535947436],[45.23146361958804,32.1226494014396],[45.23091020659481,32.12280563196874],[45.2306027549319,32.12298790058134],[45.2299878516061,32.12319620712142],[45.229019378867946,32.12315714968137],[45.22800478838035,32.12267543987969],[45.2277127093006,32.12199843802259],[45.2277127093006,32.12139954757785],[45.22762047380172,32.12087877008345],[45.22738988505454,32.120527243594765],[45.2270363156422,32.11962889197224],[45.22660588331413,32.119121124100204],[45.22643678489953,32.118600333604654],[45.22643678489953,32.118235778489634],[45.22602172515461,32.11736344426803],[45.22565278315913,32.11698586418387],[45.225053252416465,32.11697284415311],[45.224453721673804,32.117467604016376],[45.223808073181694,32.118274838035894],[45.22356211185137,32.119316419769916],[45.22333152310419,32.1209699063595],[45.22391568126371,32.12229788177113],[45.22390030868057,32.12421169469495],[45.22366971993338,32.12492773683144],[45.22357748443453,32.12669178030355],[45.223362268270485,32.127941561680025],[45.223270032771616,32.12885284980798],[45.22357748443453,32.129100197872134],[45.22405403451202,32.129100197872134],[45.22576039124116,32.12929547218594],[45.22674423656245,32.129191325937256],[45.227605101218586,32.12907416126538],[45.22834298520956,32.128735684701425],[45.22886565303649,32.128384188479],[45.22944981119602,32.127772321454096],[45.22978800802521,32.12729063601594],[45.230449029100456,32.12691309700297],[45.23084871626224,32.12639235097341],[45.230971696927405,32.12614499556825],[45.23149436475434,32.12593669575957],[45.23207852291385,32.1255982075563],[45.23235522941049,32.1248951895835],[45.232678053656535,32.12446556482262],[45.232678053656535,32.124088014120495],[45.23295476015315,32.1237364999936],[45.23318534890033,32.12356725196809],[45.23324683923289,32.1233263984675]]]}},{"type":"Feature","id":"nippur-3","properties":{"id":"nippur-3","siteId":"nippur","siteName":"Nippur","name":"TA","locationType":"excavation_area","sourceId":3},"geometry":{"type":"Polygon","coordinates":[[[45.23374836975805,32.12648185440875],[45.233982801651,32.12647859973992],[45.23397127221365,32.1260034168438],[45.233740683466465,32.12600667152959],[45.23374836975805,32.12648185440875]]]}},{"type":"Feature","id":"nippur-4","properties":{"id":"nippur-4","siteId":"nippur","siteName":"Nippur","name":"TB","locationType":"excavation_area","sourceId":4},"geometry":{"type":"Polygon","coordinates":[[[45.23439401825015,32.12663807837644],[45.23444013599958,32.126582749085145],[45.234478567457444,32.126599022409586],[45.234451665436936,32.126628314386295],[45.234493940040586,32.12664784236554],[45.234766803391416,32.12642977969342],[45.234601548122605,32.12631261147525],[45.23455158722739,32.12636468625746],[45.23443244970801,32.12628006472128],[45.234370959375426,32.12632888484788],[45.23434021420913,32.12631912082465],[45.2342940964597,32.12636794093036],[45.23430946904284,32.12639397830938],[45.23425182185605,32.12645256238503],[45.23427872387656,32.126475345070965],[45.2342364492729,32.12654369309461],[45.23439401825015,32.12663807837644]]]}},{"type":"Feature","id":"nippur-5","properties":{"id":"nippur-5","siteId":"nippur","siteName":"Nippur","name":"Inanna Temple","locationType":"excavation_area","sourceId":5},"geometry":{"type":"Polygon","coordinates":[[[45.23205354246627,32.128356524366986],[45.23276836758252,32.127471268353254],[45.23213040538199,32.12711976725963],[45.23143095284888,32.12799200822509],[45.23205354246627,32.128356524366986]]]}},{"type":"Feature","id":"nippur-6","properties":{"id":"nippur-6","siteId":"nippur","siteName":"Nippur","name":"Enlil Temple","locationType":"excavation_area","sourceId":6},"geometry":{"type":"Polygon","coordinates":[[[45.232580053438994,32.129000933269054],[45.23336021203362,32.12945006405461],[45.23388672300634,32.12883169500821],[45.23309503497436,32.12838907038026],[45.232580053438994,32.129000933269054]]]}},{"type":"Feature","id":"nippur-7","properties":{"id":"nippur-7","siteId":"nippur","siteName":"Nippur","name":"SA","locationType":"excavation_area","sourceId":7},"geometry":{"type":"Polygon","coordinates":[[[45.232821210837066,32.12880077644586],[45.23285675993559,32.12875846681726],[45.232722249833074,32.128675474796474],[45.23267228893785,32.128740566583865],[45.23270975960927,32.12876334869848],[45.232733779270426,32.12874544846605],[45.232821210837066,32.12880077644586]]]}},{"type":"Feature","id":"nippur-8","properties":{"id":"nippur-8","siteId":"nippur","siteName":"Nippur","name":"SB","locationType":"excavation_area","sourceId":8},"geometry":{"type":"Polygon","coordinates":[[[45.231968993258974,32.128575396082766],[45.23201895415419,32.128575396082766],[45.232001659998154,32.12837686562662],[45.23197475797766,32.12826783642186],[45.231930561801114,32.12828085484122],[45.231961306967406,32.12842080273201],[45.231968993258974,32.128575396082766]]]}},{"type":"Feature","id":"nippur-9","properties":{"id":"nippur-9","siteId":"nippur","siteName":"Nippur","name":"SD","locationType":"excavation_area","sourceId":9},"geometry":{"type":"Polygon","coordinates":[[[45.23079779458062,32.13036133711515],[45.23081701030955,32.130319028210266],[45.23070555908175,32.13027671928576],[45.23068250020703,32.13031740094431],[45.23079779458062,32.13036133711515]]]}},{"type":"Feature","id":"nippur-10","properties":{"id":"nippur-10","siteId":"nippur","siteName":"Nippur","name":"SE","locationType":"excavation_area","sourceId":10},"geometry":{"type":"Polygon","coordinates":[[[45.22986967487319,32.13102322483228],[45.22992443970065,32.13104397231063],[45.22992011616164,32.131061058465725],[45.229989292785795,32.13108424681397],[45.23002820463688,32.131025665712336],[45.229986410426456,32.13100491822982],[45.2299792045281,32.131015902191734],[45.22989417492758,32.130978068539555],[45.22986967487319,32.13102322483228]]]}},{"type":"Feature","id":"nippur-11","properties":{"id":"nippur-11","siteId":"nippur","siteName":"Nippur","name":"SK","locationType":"excavation_area","sourceId":11},"geometry":{"type":"Polygon","coordinates":[[[45.23120420724753,32.1305802040214],[45.23142182537767,32.1305484724207],[45.23144776661173,32.13052528393628],[45.23144056071338,32.13033245315338],[45.23141173711998,32.130314146412296],[45.23106729517889,32.13045327755238],[45.231045677483834,32.130482568291676],[45.23107450107723,32.13050453633997],[45.23120420724753,32.1305802040214]]]}},{"type":"Feature","id":"nippur-12","properties":{"id":"nippur-12","siteId":"nippur","siteName":"Nippur","name":"WB","locationType":"excavation_area","sourceId":12},"geometry":{"type":"Polygon","coordinates":[[[45.23013341075283,32.12481707614107],[45.23058017645048,32.12481463509491],[45.23058017645048,32.12450218064814],[45.230113234237436,32.12451438592005],[45.23013341075283,32.12481707614107]]]}},{"type":"Feature","id":"nippur-13","properties":{"id":"nippur-13","siteId":"nippur","siteName":"Nippur","name":"WF","locationType":"excavation_area","sourceId":13},"geometry":{"type":"Polygon","coordinates":[[[45.22933211485636,32.12671863125525],[45.22947623282336,32.12672351324562],[45.22948199754203,32.12660146340801],[45.22934364429373,32.126599022409586],[45.22933211485636,32.12671863125525]]]}},{"type":"Feature","id":"nippur-14","properties":{"id":"nippur-14","siteId":"nippur","siteName":"Nippur","name":"North Temple","locationType":"excavation_area","sourceId":14},"geometry":{"type":"Polygon","coordinates":[[[45.22985093953751,32.13138569480463],[45.229989292785824,32.13146136175519],[45.229989292785824,32.131395458285645],[45.23000370458252,32.131310027791294],[45.230072881206674,32.13126609207734],[45.230133410752806,32.13125876945629],[45.23028041107914,32.13114160743953],[45.23040723489008,32.13120018846672],[45.23044182320216,32.13117822058594],[45.23059747060651,32.13104397231064],[45.230257352204426,32.130921928252576],[45.230116116596776,32.13107570373899],[45.23009017536271,32.13105861758663],[45.23007864592536,32.131080585496235],[45.23010458715941,32.131102553400524],[45.22985093953751,32.13138569480463]]]}},{"type":"Feature","id":"nippur-15","properties":{"id":"nippur-15","siteId":"nippur","siteName":"Nippur","name":"House D","locationType":"excavation_area","sourceId":15},"geometry":{"type":"Polygon","coordinates":[[[45.23457368531571,32.12650138241934],[45.234676729662105,32.126415337091316],[45.234582332393735,32.126338445452944],[45.23449586161354,32.126425711355026],[45.23457368531571,32.12650138241934]]]}},{"type":"Feature","id":"nippur-16","properties":{"id":"nippur-16","siteId":"nippur","siteName":"Nippur","name":"House C","locationType":"excavation_area","sourceId":16},"geometry":{"type":"Polygon","coordinates":[[[45.234433890887736,32.12661183765055],[45.234552067620655,32.1265166386747],[45.234455508582776,32.12643242411327],[45.234444699735256,32.126444018876334],[45.23442092027071,32.12642266010111],[45.23431427297513,32.126527012926886],[45.234433890887736,32.12661183765055]]]}},{"type":"Feature","id":"nippur-17","properties":{"id":"nippur-17","siteId":"nippur","siteName":"Nippur","name":"House B","locationType":"excavation_area","sourceId":17},"geometry":{"type":"Polygon","coordinates":[[[45.23431427297513,32.126527012926886],[45.23442092027071,32.12642266010111],[45.23437444222635,32.12637978997291],[45.234330846541326,32.12641396402692],[45.23430634648694,32.12639840262892],[45.234237890452626,32.12646522508394],[45.23431427297513,32.126527012926886]]]}},{"type":"Feature","id":"nippur-18","properties":{"id":"nippur-18","siteId":"nippur","siteName":"Nippur","name":"House I","locationType":"excavation_area","sourceId":18},"geometry":{"type":"Polygon","coordinates":[[[45.234460192416705,32.12662236445432],[45.234581251508985,32.12652838598962],[45.2344270452843,32.126408166643685],[45.234308147961535,32.12650458623322],[45.234460192416705,32.12662236445432]]]}},{"type":"Feature","id":"nippur-19","properties":{"id":"nippur-19","siteId":"nippur","siteName":"Nippur","name":"House F","locationType":"excavation_area","sourceId":19},"geometry":{"type":"Polygon","coordinates":[[[45.23442560410462,32.12629984704658],[45.23437155986701,32.12634195439821],[45.2344270452843,32.126408166643685],[45.23448757483044,32.1264560713259],[45.23454954555624,32.126400538507255],[45.23442560410462,32.12629984704658]]]}},{"type":"Feature","id":"nippur-20","properties":{"id":"nippur-20","siteId":"nippur","siteName":"Nippur","name":"House J","locationType":"excavation_area","sourceId":20},"geometry":{"type":"Polygon","coordinates":[[[45.23446199389131,32.12661595683479],[45.23470771502502,32.12641671015573],[45.23463673692627,32.12635965168511],[45.23463025161776,32.12636453369469],[45.23461115598713,32.12634988766517],[45.234602508909106,32.12635660042899],[45.234598905959935,32.12635354917276],[45.23455567056983,32.12638711298558],[45.234514596949246,32.126355379926515],[45.23432472152773,32.12650412854552],[45.23446199389131,32.12661595683479]]]}},{"type":"Feature","id":"uruk-dc-xiv-2-dafba03c06","properties":{"id":"uruk-dc-xiv-2-dafba03c06","siteId":"uruk","siteName":"Uruk","name":"Dc XIV/2","locationType":"excavation_area"},"geometry":{"type":"Polygon","coordinates":[[[45.62767937437404,31.326292511098426],[45.62789188845954,31.326290668115107],[45.62789188845954,31.326110055576113],[45.62767937437404,31.32610821258923],[45.62767937437404,31.326292511098426]]]}},{"type":"Feature","id":"uruk-dc-xiv-3-94cf7f8ebf","properties":{"id":"uruk-dc-xiv-3-94cf7f8ebf","siteId":"uruk","siteName":"Uruk","name":"Dc XIV/3","locationType":"excavation_area"},"geometry":{"type":"Polygon","coordinates":[[[45.62767910468612,31.32610982520276],[45.62789161877163,31.326108903709322],[45.62788892189237,31.325927830073976],[45.627678025934436,31.32592921231679],[45.62767910468612,31.32610982520276]]]}},{"type":"Feature","id":"uruk-dc-xiv-3-4-2244468f69","properties":{"id":"uruk-dc-xiv-3-4-2244468f69","siteId":"uruk","siteName":"Uruk","name":"Dc XIV/3-4","locationType":"excavation_area"},"geometry":{"type":"Polygon","coordinates":[[[45.62768018343784,31.32610982520276],[45.62789054001993,31.32610982520276],[45.62788892189237,31.325747677587334],[45.62767694718272,31.32574813833582],[45.62768018343784,31.32610982520276]]]}},{"type":"Feature","id":"uruk-dc-xiv-3-dc-dd-xiv-4-dc-xiv-4-0d53f68b62","properties":{"id":"uruk-dc-xiv-3-dc-dd-xiv-4-dc-xiv-4-0d53f68b62","siteId":"uruk","siteName":"Uruk","name":"Dc XIV/3; Dc/Dd XIV/4; Dc XIV/4","locationType":"excavation_area"},"geometry":{"type":"Polygon","coordinates":[[[45.627679644061985,31.32611120744289],[45.62788892189237,31.326110285949465],[45.62789000064408,31.325927830073976],[45.62810035722615,31.325927830073976],[45.628099278474465,31.32574629534185],[45.6276785653103,31.32574721683883],[45.627679644061985,31.32611120744289]]]}},{"type":"Feature","id":"uruk-dc-xiv-4-3bbb2796a6","properties":{"id":"uruk-dc-xiv-4-3bbb2796a6","siteId":"uruk","siteName":"Uruk","name":"Dc XIV/4","locationType":"excavation_area"},"geometry":{"type":"Polygon","coordinates":[[[45.62767964406198,31.325928751569183],[45.62789054001991,31.325927830073972],[45.62788838251651,31.32574721683883],[45.627677486558575,31.32574813833582],[45.62767964406198,31.325928751569183]]]}},{"type":"Feature","id":"uruk-dc-dd-xiv-4-f02dac4fa0","properties":{"id":"uruk-dc-dd-xiv-4-f02dac4fa0","siteId":"uruk","siteName":"Uruk","name":"Dc-Dd XIV/4","locationType":"excavation_area"},"geometry":{"type":"Polygon","coordinates":[[[45.62767964406198,31.32593013381197],[45.62809981785033,31.325927369326358],[45.62809981785033,31.32574629534185],[45.6276774865586,31.325748599084296],[45.62767964406198,31.32593013381197]]]}},{"type":"Feature","id":"uruk-dd-xiv-3-42114d427e","properties":{"id":"uruk-dd-xiv-3-42114d427e","siteId":"uruk","siteName":"Uruk","name":"Dd XIV/3","locationType":"excavation_area"},"geometry":{"type":"Polygon","coordinates":[[[45.62789054001993,31.32610936445602],[45.62810035722615,31.32610798221586],[45.62810089660201,31.325927830073972],[45.62789000064408,31.325928751569176],[45.62789054001993,31.32610936445602]]]}},{"type":"Feature","id":"uruk-dd-xiv-5-78af74058a","properties":{"id":"uruk-dd-xiv-5-78af74058a","siteId":"uruk","siteName":"Uruk","name":"Dd XIV/5","locationType":"excavation_area"},"geometry":{"type":"Polygon","coordinates":[[[45.62788676438896,31.325567064006563],[45.62788784314067,31.325749059832788],[45.628098739098604,31.325748599084296],[45.62809712097104,31.32556660325719],[45.62788676438896,31.325567064006563]]]}},{"type":"Feature","id":"uruk-de-xiv-2-dd9361265c","properties":{"id":"uruk-de-xiv-2-dd9361265c","siteId":"uruk","siteName":"Uruk","name":"De XIV/2","locationType":"excavation_area"},"geometry":{"type":"Polygon","coordinates":[[[45.62810143597784,31.326288825131765],[45.62831125318408,31.32628698214839],[45.62831179255992,31.32610683034904],[45.62810143597784,31.32610729109578],[45.62810143597784,31.326288825131765]]]}},{"type":"Feature","id":"uruk-de-xiv-3-5b93d84f8c","properties":{"id":"uruk-de-xiv-3-5b93d84f8c","siteId":"uruk","siteName":"Uruk","name":"De XIV/3","locationType":"excavation_area"},"geometry":{"type":"Polygon","coordinates":[[[45.62831044412029,31.32610706072241],[45.62830963505652,31.32592564152282],[45.62809968300634,31.325927369326372],[45.628100896601985,31.326107406282464],[45.62831044412029,31.32610706072241]]]}},{"type":"Feature","id":"uruk-de-xiv-4-e0f06fab9d","properties":{"id":"uruk-de-xiv-4-e0f06fab9d","siteId":"uruk","siteName":"Uruk","name":"De XIV/4","locationType":"excavation_area"},"geometry":{"type":"Polygon","coordinates":[[[45.628100087538215,31.32592771488708],[45.62830963505652,31.32592564152282],[45.628308016928976,31.325745949780476],[45.62809927847444,31.325747332025966],[45.628100087538215,31.32592771488708]]]}},{"type":"Feature","id":"uruk-de-xv-1-b16674629f","properties":{"id":"uruk-de-xv-1-b16674629f","siteId":"uruk","siteName":"Uruk","name":"De XV/1","locationType":"excavation_area"},"geometry":{"type":"Polygon","coordinates":[[[45.62809664901717,31.325566257695158],[45.62830741013115,31.325565912133122],[45.628305792003594,31.325384491890663],[45.6280954354215,31.325385528578742],[45.62809664901717,31.325566257695158]]]}},{"type":"Feature","id":"uruk-de-ea-xiv-5-e59b82a82b","properties":{"id":"uruk-de-ea-xiv-5-e59b82a82b","siteId":"uruk","siteName":"Uruk","name":"De-Ea XIV/5","locationType":"excavation_area"},"geometry":{"type":"Polygon","coordinates":[[[45.628098267144736,31.325748714271437],[45.62851898030891,31.32574525865776],[45.62851898030891,31.325563493198867],[45.628098267144736,31.325566257695165],[45.628098267144736,31.325748714271437]]]}},{"type":"Feature","id":"uruk-ea-xiv-2-df074df548","properties":{"id":"uruk-ea-xiv-2-df074df548","siteId":"uruk","siteName":"Uruk","name":"Ea XIV/2","locationType":"excavation_area"},"geometry":{"type":"Polygon","coordinates":[[[45.628312669045684,31.326287097334895],[45.62852221656401,31.326286406216113],[45.62852140750023,31.326106024042296],[45.628311050918136,31.326106024042296],[45.628312669045684,31.326287097334895]]]}},{"type":"Feature","id":"uruk-ea-xiv-3-a9f9918ac4","properties":{"id":"uruk-ea-xiv-3-a9f9918ac4","siteId":"uruk","siteName":"Uruk","name":"Ea XIV/3","locationType":"excavation_area"},"geometry":{"type":"Polygon","coordinates":[[[45.62831145545003,31.326106024042314],[45.628521002968334,31.326105678482264],[45.628519587106716,31.32592512318178],[45.62830923052464,31.325926332644286],[45.62831145545003,31.326106024042314]]]}},{"type":"Feature","id":"uruk-ea-xiv-4-8293c24d85","properties":{"id":"uruk-ea-xiv-4-8293c24d85","siteId":"uruk","siteName":"Uruk","name":"Ea XIV/4","locationType":"excavation_area"},"geometry":{"type":"Polygon","coordinates":[[[45.62830852259381,31.325926591814824],[45.628519081441844,31.325926073473752],[45.628519081441844,31.325744653925376],[45.628307915795986,31.32574672729362],[45.62830852259381,31.325926591814824]]]}},{"type":"Feature","id":"uruk-eb-xiv-2-300f982778","properties":{"id":"uruk-eb-xiv-2-300f982778","siteId":"uruk","siteName":"Uruk","name":"Eb XIV/2","locationType":"excavation_area"},"geometry":{"type":"Polygon","coordinates":[[[45.62852150863316,31.32628631982628],[45.62873267427903,31.32628476480902],[45.628730853885536,31.326103864291976],[45.628520295037504,31.326105937652304],[45.62852150863316,31.32628631982628]]]}},{"type":"Feature","id":"uruk-eb-xiv-4-7b11e7bcc7","properties":{"id":"uruk-eb-xiv-4-7b11e7bcc7","siteId":"uruk","siteName":"Uruk","name":"Eb XIV/4","locationType":"excavation_area"},"geometry":{"type":"Polygon","coordinates":[[[45.628519688239685,31.325925036791624],[45.62873085388554,31.325924518450545],[45.62872964028988,31.325743617241237],[45.628517867846185,31.325744653925362],[45.628519688239685,31.325925036791624]]]}},{"type":"Feature","id":"uruk-eb-xiv-5-f95da21a5d","properties":{"id":"uruk-eb-xiv-5-f95da21a5d","siteId":"uruk","siteName":"Uruk","name":"Eb XIV/5","locationType":"excavation_area"},"geometry":{"type":"Polygon","coordinates":[[[45.628519081441866,31.325745172267446],[45.628730247087724,31.325744135583317],[45.628726606300724,31.3255627156843],[45.62851847464404,31.3255642707135],[45.628519081441866,31.325745172267446]]]}},{"type":"Feature","id":"uruk-id-xvii-4-8f48bfa4ea","properties":{"id":"uruk-id-xvii-4-8f48bfa4ea","siteId":"uruk","siteName":"Uruk","name":"Id XVII/4","locationType":"excavation_area"},"geometry":{"type":"Polygon","coordinates":[[[45.63312285660039,31.323200596689905],[45.63333644943758,31.323196449841227],[45.63333644943758,31.323013988318472],[45.63312285660039,31.323013988318472],[45.63312285660039,31.323200596689905]]]}},{"type":"Feature","id":"uruk-jd-xvii-4-f246d375b3","properties":{"id":"uruk-jd-xvii-4-f246d375b3","siteId":"uruk","siteName":"Uruk","name":"Jd XVII/4","locationType":"excavation_area"},"geometry":{"type":"Polygon","coordinates":[[[45.63417686443618,31.323190229567867],[45.63438742328421,31.323189192855605],[45.63438620968855,31.32300880474733],[45.63417686443618,31.32300984146159],[45.63417686443618,31.323190229567867]]]}},{"type":"Feature","id":"uruk-k-xvii-44f463f919","properties":{"id":"uruk-k-xvii-44f463f919","siteId":"uruk","siteName":"Uruk","name":"K XVII","locationType":"excavation_area"},"geometry":{"type":"Polygon","coordinates":[[[45.63459919572793,31.323730873459837],[45.635652596765915,31.323726726634515],[45.63564531519191,31.322816494055882],[45.63459434134526,31.32282271435394],[45.63459919572793,31.323730873459837]]]}},{"type":"Feature","id":"uruk-ka-xvii-2-cda71236bf","properties":{"id":"uruk-ka-xvii-2-cda71236bf","siteId":"uruk","siteName":"Uruk","name":"Ka XVII/2","locationType":"excavation_area"},"geometry":{"type":"Polygon","coordinates":[[[45.63459798213228,31.32354944968113],[45.634809754575976,31.32354893132699],[45.63480732738465,31.32336750719766],[45.63459737533445,31.323369062263115],[45.63459798213228,31.32354944968113]]]}},{"type":"Feature","id":"uruk-ka-xvii-5-9329e57f91","properties":{"id":"uruk-ka-xvii-5-9329e57f91","siteId":"uruk","siteName":"Uruk","name":"Ka XVII/5","locationType":"excavation_area"},"geometry":{"type":"Polygon","coordinates":[[[45.63459494814312,31.32300828639022],[45.63480672058682,31.32300724967594],[45.63480490019331,31.322826342860953],[45.63459373454746,31.322826861219077],[45.63459494814312,31.32300828639022]]]}},{"type":"Feature","id":"uruk-ke-xvii-3-269b5ef7d4","properties":{"id":"uruk-ke-xvii-3-269b5ef7d4","siteId":"uruk","siteName":"Uruk","name":"Ke XVII/3","locationType":"excavation_area"},"geometry":{"type":"Polygon","coordinates":[[[45.6354399141255,31.32336491542186],[45.6356498661757,31.323363878711504],[45.63564895597895,31.32318323175986],[45.63543779033309,31.323184527650273],[45.6354399141255,31.32336491542186]]]}},{"type":"Feature","id":"uruk-la-xii-5-63dce822d7","properties":{"id":"uruk-la-xii-5-63dce822d7","siteId":"uruk","siteName":"Uruk","name":"La XII/5","locationType":"excavation_area"},"geometry":{"type":"Polygon","coordinates":[[[45.635678689072755,31.32751451627321],[45.63588864112295,31.32751451627321],[45.63588742752729,31.32733102645274],[45.635676261881436,31.327334136452674],[45.635678689072755,31.32751451627321]]]}},{"type":"Feature","id":"uruk-lc-xviii-2-4d73713310","properties":{"id":"uruk-lc-xviii-2-4d73713310","siteId":"uruk","siteName":"Uruk","name":"Lc XVIII/2","locationType":"excavation_area"},"geometry":{"type":"Polygon","coordinates":[[[45.63606400569667,31.322639992927353],[45.63627577814036,31.322638437849868],[45.63627517134253,31.322458048686375],[45.636062792101,31.322459603766845],[45.63606400569667,31.322639992927353]]]}},{"type":"Feature","id":"uruk-ld-xv-1-c8926fc6ab","properties":{"id":"uruk-ld-xv-1-c8926fc6ab","siteId":"uruk","siteName":"Uruk","name":"Ld XV/1","locationType":"excavation_area"},"geometry":{"type":"Polygon","coordinates":[[[45.63629398207534,31.325526172491006],[45.63650454092336,31.32552565414773],[45.63650393412553,31.32534527051622],[45.63629337527749,31.32534527051622],[45.63629398207534,31.325526172491006]]]}},{"type":"Feature","id":"uruk-le-xvi-3-338df3d655","properties":{"id":"uruk-le-xvi-3-338df3d655","siteId":"uruk","siteName":"Uruk","name":"Le XVI/3","locationType":"excavation_area"},"geometry":{"type":"Polygon","coordinates":[[[45.63628654880187,31.324263220644],[45.63649680425097,31.32426166559332],[45.63649589405423,31.32408127953992],[45.6362838182116,31.324083223356993],[45.63628654880187,31.324263220644]]]}},{"type":"Feature","id":"uruk-md-xv-4-e7d389483b","properties":{"id":"uruk-md-xv-4-e7d389483b","siteId":"uruk","siteName":"Uruk","name":"Md XV/4","locationType":"excavation_area"},"geometry":{"type":"Polygon","coordinates":[[[45.63734214948199,31.32497912437377],[45.63755240493109,31.32497912437377],[45.63755103963598,31.32479718465323],[45.63734146683443,31.32479776779391],[45.63734214948199,31.32497912437377]]]}},{"type":"Feature","id":"uruk-me-xvi-2-d71c443a2a","properties":{"id":"uruk-me-xvi-2-d71c443a2a","siteId":"uruk","siteName":"Uruk","name":"Me XVI/2","locationType":"excavation_area"},"geometry":{"type":"Polygon","coordinates":[[[45.63754933301708,31.32443621987198],[45.63776027111374,31.32443621987198],[45.63775822317107,31.32425559117635],[45.63754677308872,31.32425690325045],[45.63754933301708,31.32443621987198]]]}},{"type":"Feature","id":"uruk-na-xvi-2-7e47541ee4","properties":{"id":"uruk-na-xvi-2-7e47541ee4","siteId":"uruk","siteName":"Uruk","name":"Na XVI/2","locationType":"excavation_area"},"geometry":{"type":"Polygon","coordinates":[[[45.637758735156716,31.324436657229196],[45.637969673253394,31.32443490780041],[45.63796813729638,31.324253841744223],[45.63775771118537,31.324256465892454],[45.637758735156716,31.324436657229196]]]}},{"type":"Feature","id":"uruk-na-xvi-3-75d444aa84","properties":{"id":"uruk-na-xvi-3-75d444aa84","siteId":"uruk","siteName":"Uruk","name":"Na XVI/3","locationType":"excavation_area"},"geometry":{"type":"Polygon","coordinates":[[[45.63775796717822,31.32425602853441],[45.63796839328921,31.324254716460302],[45.63796736931787,31.324074524775316],[45.63775643122121,31.324075399493058],[45.63775796717822,31.32425602853441]]]}},{"type":"Feature","id":"uruk-nb-xvi-3-55a3201cf7","properties":{"id":"uruk-nb-xvi-3-55a3201cf7","siteId":"uruk","siteName":"Uruk","name":"Nb XVI/3","locationType":"excavation_area"},"geometry":{"type":"Polygon","coordinates":[[[45.63796736931787,31.32425515381834],[45.63817779542888,31.32425318570714],[45.63817779542888,31.32407277533978],[45.637966601339386,31.32407408741642],[45.63796736931787,31.32425515381834]]]}},{"type":"Feature","id":"uruk-nb-xvi-3-4-0c4dd2dc5e","properties":{"id":"uruk-nb-xvi-3-4-0c4dd2dc5e","siteId":"uruk","siteName":"Uruk","name":"Nb XVI/3-4","locationType":"excavation_area"},"geometry":{"type":"Polygon","coordinates":[[[45.63796583336087,31.32425515381833],[45.63817702745039,31.324253841744213],[45.638175683487994,31.323892528636577],[45.637965449371606,31.323893676705847],[45.63796583336087,31.32425515381833]]]}},{"type":"Feature","id":"uruk-nb-xvi-4-4f0cb943d3","properties":{"id":"uruk-nb-xvi-4-4f0cb943d3","siteId":"uruk","siteName":"Uruk","name":"Nb XVI/4","locationType":"excavation_area"},"geometry":{"type":"Polygon","coordinates":[[[45.637966025355475,31.32407277533978],[45.63817568348797,31.32407277533978],[45.63817568348797,31.323892692646485],[45.63796564136621,31.323893758710803],[45.637966025355475,31.32407277533978]]]}},{"type":"Feature","id":"uruk-nb-xvi-5-2582899ad6","properties":{"id":"uruk-nb-xvi-5-2582899ad6","siteId":"uruk","siteName":"Uruk","name":"Nb XVI/5","locationType":"excavation_area"},"geometry":{"type":"Polygon","coordinates":[[[45.63796506538237,31.323893184676177],[45.63817625947189,31.323892528636577],[45.63817472351487,31.323712117578097],[45.63796506538237,31.32371342965976],[45.63796506538237,31.323893184676177]]]}},{"type":"Feature","id":"uruk-nc-xvi-1-21c7d9338e","properties":{"id":"uruk-nc-xvi-1-21c7d9338e","siteId":"uruk","siteName":"Uruk","name":"Nc XVI/1","locationType":"excavation_area"},"geometry":{"type":"Polygon","coordinates":[[[45.63818125133217,31.324614497430673],[45.63839090946467,31.324613185361557],[45.63838956550226,31.324432611675107],[45.638179235388584,31.324434087755687],[45.63818125133217,31.324614497430673]]]}},{"type":"Feature","id":"uruk-nc-xvi-2-5a586c3395","properties":{"id":"uruk-nc-xvi-2-5a586c3395","siteId":"uruk","siteName":"Uruk","name":"Nc XVI/2","locationType":"excavation_area"},"geometry":{"type":"Polygon","coordinates":[[[45.638179619377844,31.324434251764647],[45.6383896614996,31.324433267710916],[45.638388509531836,31.324252529670108],[45.638178083420826,31.32425351372572],[45.638179619377844,31.324434251764647]]]}},{"type":"Feature","id":"uruk-nc-xvi-5-71caa5ff8b","properties":{"id":"uruk-nc-xvi-5-71caa5ff8b","siteId":"uruk","siteName":"Uruk","name":"Nc XVI/5","locationType":"excavation_area"},"geometry":{"type":"Polygon","coordinates":[[[45.638175011506846,31.323892364626715],[45.63838620559636,31.323891708587126],[45.63838390166084,31.323710641486198],[45.638173475549834,31.323711953567898],[45.638175011506846,31.323892364626715]]]}},{"type":"Feature","id":"uruk-nc-xvii-1-b992a59109","properties":{"id":"uruk-nc-xvii-1-b992a59109","siteId":"uruk","siteName":"Uruk","name":"Nc XVII/1","locationType":"excavation_area"},"geometry":{"type":"Polygon","coordinates":[[[45.63817462751762,31.32371260960874],[45.63838505362863,31.32371129752706],[45.63838428565012,31.323530886121272],[45.63817462751762,31.323530886121272],[45.63817462751762,31.32371260960874]]]}},{"type":"Feature","id":"uruk-nc-nd-xvi-2-52f14a811b","properties":{"id":"uruk-nc-nd-xvi-2-52f14a811b","siteId":"uruk","siteName":"Uruk","name":"Nc-Nd XVI/2","locationType":"excavation_area"},"geometry":{"type":"Polygon","coordinates":[[[45.6381800033672,31.32443425176467],[45.638600471599965,31.324432283657213],[45.63860162356772,31.324251217595965],[45.63817769943167,31.324253185707203],[45.6381800033672,31.32443425176467]]]}},{"type":"Feature","id":"uruk-nd-xvi-2-dc90de1682","properties":{"id":"uruk-nd-xvi-2-dc90de1682","siteId":"uruk","siteName":"Uruk","name":"Nd XVI/2","locationType":"excavation_area"},"geometry":{"type":"Polygon","coordinates":[[[45.63838980549569,31.324432775684066],[45.63859946362819,31.324432775684066],[45.63859946362819,31.324251217595958],[45.63838865352793,31.32425220165157],[45.63838980549569,31.324432775684066]]]}},{"type":"Feature","id":"uruk-nd-xvi-3-f556a07269","properties":{"id":"uruk-nd-xvi-3-f556a07269","siteId":"uruk","siteName":"Uruk","name":"Nd XVI/3","locationType":"excavation_area"},"geometry":{"type":"Polygon","coordinates":[[[45.638388653527926,31.324251709623766],[45.63859946362819,31.324251709623766],[45.63859773567655,31.324070643215222],[45.63838750156016,31.324071627272737],[45.638388653527926,31.324251709623766]]]}},{"type":"Feature","id":"uruk-nd-xvi-4-77faf1455e","properties":{"id":"uruk-nd-xvi-4-77faf1455e","siteId":"uruk","siteName":"Uruk","name":"Nd XVI/4","locationType":"excavation_area"},"geometry":{"type":"Polygon","coordinates":[[[45.6383869255763,31.324072611330234],[45.63859773567656,31.324071627272737],[45.63859715969269,31.323890068488147],[45.6383869255763,31.323892036606924],[45.6383869255763,31.324072611330234]]]}},{"type":"Feature","id":"uruk-nd-xvi-4-5-ne-xvi-3-5-0aba35bee8","properties":{"id":"uruk-nd-xvi-4-5-ne-xvi-3-5-0aba35bee8","siteId":"uruk","siteName":"Uruk","name":"Nd XVI/4-5, Ne XVI/3-5","locationType":"excavation_area"},"geometry":{"type":"Polygon","coordinates":[[[45.63880912176066,31.324250233540283],[45.63880753780499,31.324070151186444],[45.63859888764427,31.32407082772596],[45.638598311660395,31.323890068488115],[45.638806241841266,31.3238895764584],[45.6388050898735,31.32370900138404],[45.63838404565685,31.323711461537243],[45.63838750156012,31.32389302066627],[45.63838692557625,31.32407310335894],[45.638598311660395,31.324070643215187],[45.63860003961203,31.32425121759592],[45.63880912176066,31.324250233540283]]]}},{"type":"Feature","id":"uruk-nd-xvi-5-eb91c695c2","properties":{"id":"uruk-nd-xvi-5-eb91c695c2","siteId":"uruk","siteName":"Uruk","name":"Nd XVI/5","locationType":"excavation_area"},"geometry":{"type":"Polygon","coordinates":[[[45.63838634959232,31.32389142156977],[45.638598311660346,31.323890929540084],[45.63859485575706,31.323709862437656],[45.63838462164067,31.323712322590836],[45.63838634959232,31.32389142156977]]]}},{"type":"Feature","id":"uruk-nd-xvi-5-nd-xvii-1-a974084fd4","properties":{"id":"uruk-nd-xvi-5-nd-xvii-1-a974084fd4","siteId":"uruk","siteName":"Uruk","name":"Nd XVI/5, Nd XVII/1","locationType":"excavation_area"},"geometry":{"type":"Polygon","coordinates":[[[45.63838634959232,31.323890929540084],[45.63859715969259,31.323889945480683],[45.63859600772482,31.323529779050165],[45.63838289368903,31.32353076311333],[45.63838634959232,31.323890929540084]]]}},{"type":"Feature","id":"uruk-nd-xxiii-ad91408dcb","properties":{"id":"uruk-nd-xxiii-ad91408dcb","siteId":"uruk","siteName":"Uruk","name":"Nd XXIII","locationType":"excavation_area"},"geometry":{"type":"Polygon","coordinates":[[[45.63835063859171,31.318296385682007],[45.63855568885317,31.31829441744625],[45.63855799278869,31.31739296114852],[45.63834603072066,31.31739296114852],[45.63835063859171,31.318296385682007]]]}},{"type":"Feature","id":"uruk-ne-xv-5-4940155233","properties":{"id":"uruk-ne-xv-5-4940155233","siteId":"uruk","siteName":"Uruk","name":"Ne XV/5","locationType":"excavation_area"},"geometry":{"type":"Polygon","coordinates":[[[45.63860302251396,31.32479239011869],[45.63881268064649,31.32479239011869],[45.6388121046626,31.32461132475002],[45.63860014259457,31.324612800827794],[45.63860302251396,31.32479239011869]]]}},{"type":"Feature","id":"uruk-ne-xvi-3-eada40893e","properties":{"id":"uruk-ne-xvi-3-eada40893e","siteId":"uruk","siteName":"Uruk","name":"Ne XVI/3","locationType":"excavation_area"},"geometry":{"type":"Polygon","coordinates":[[[45.63860014259457,31.324251161079225],[45.6388092247432,31.324250669051416],[45.63880807277544,31.324070094669608],[45.63859899062679,31.324070586698365],[45.63860014259457,31.324251161079225]]]}},{"type":"Feature","id":"uruk-ne-xvii-2-3337910981","properties":{"id":"uruk-ne-xvii-2-3337910981","siteId":"uruk","siteName":"Uruk","name":"Ne XVII/2","locationType":"excavation_area"},"geometry":{"type":"Polygon","coordinates":[[[45.638594382755734,31.323529845540914],[45.638805192856026,31.323528369446144],[45.6388028889205,31.323347793678973],[45.6385926548041,31.32334926977658],[45.638594382755734,31.323529845540914]]]}},{"type":"Feature","id":"uruk-oa-xv-3-e753aac2c0","properties":{"id":"uruk-oa-xv-3-e753aac2c0","siteId":"uruk","siteName":"Uruk","name":"Oa XV/3","locationType":"excavation_area"},"geometry":{"type":"Polygon","coordinates":[[[45.638815304838545,31.3251528707173],[45.6390260330822,31.325151889733473],[45.63902402341231,31.324970898043208],[45.63881329516865,31.32497236952175],[45.638815304838545,31.3251528707173]]]}},{"type":"Feature","id":"uruk-oa-xv-4-2948fce78b","properties":{"id":"uruk-oa-xv-4-2948fce78b","siteId":"uruk","siteName":"Uruk","name":"Oa XV/4","locationType":"excavation_area"},"geometry":{"type":"Polygon","coordinates":[[[45.63881444355143,31.32497236952175],[45.63902459760368,31.324970407550342],[45.63902344922088,31.324789906004952],[45.63881214678584,31.32479186798014],[45.63881444355143,31.32497236952175]]]}},{"type":"Feature","id":"uruk-oa-xv-5-87508ab909","properties":{"id":"uruk-oa-xv-5-87508ab909","siteId":"uruk","siteName":"Uruk","name":"Oa XV/5","locationType":"excavation_area"},"geometry":{"type":"Polygon","coordinates":[[[45.63881272097724,31.324792358473907],[45.6390234492209,31.324790396498756],[45.63902143955101,31.3246101398556],[45.638810998403066,31.32461136609242],[45.63881272097724,31.324792358473907]]]}},{"type":"Feature","id":"uruk-oa-xvi-1-1f5d2b1deb","properties":{"id":"uruk-oa-xvi-1-1f5d2b1deb","siteId":"uruk","siteName":"Uruk","name":"Oa XVI/1","locationType":"excavation_area"},"geometry":{"type":"Polygon","coordinates":[[[45.638811285498754,31.32461136609242],[45.6390220137424,31.324610385102975],[45.6390208653596,31.324429392371627],[45.63880956292454,31.324430863858645],[45.638811285498754,31.32461136609242]]]}},{"type":"Feature","id":"uruk-oa-ob-xv-3-10cbdadaea","properties":{"id":"uruk-oa-ob-xv-3-10cbdadaea","siteId":"uruk","siteName":"Uruk","name":"Oa-Ob XV/3","locationType":"excavation_area"},"geometry":{"type":"Polygon","coordinates":[[[45.63881415645574,31.32515188973346],[45.63923561294304,31.32514992776578],[45.63923561294304,31.32496844557887],[45.63881415645574,31.324972369521742],[45.63881415645574,31.32515188973346]]]}},{"type":"Feature","id":"uruk-ob-xv-3-e8548f2733","properties":{"id":"uruk-ob-xv-3-e8548f2733","siteId":"uruk","siteName":"Uruk","name":"Ob XV/3","locationType":"excavation_area"},"geometry":{"type":"Polygon","coordinates":[[[45.63902545889079,31.325151399241552],[45.63923561294305,31.325150418257728],[45.63923446456026,31.32496991705747],[45.639023162125206,31.324970898043208],[45.63902545889079,31.325151399241552]]]}},{"type":"Feature","id":"uruk-ob-xv-3-4-e09bcf106c","properties":{"id":"uruk-ob-xv-3-4-e09bcf106c","siteId":"uruk","siteName":"Uruk","name":"Ob XV/3-4","locationType":"excavation_area"},"geometry":{"type":"Polygon","coordinates":[[[45.63902545889081,31.32515238022539],[45.63923561294306,31.325151399241552],[45.639232167794646,31.32478941551115],[45.639023162125206,31.324790396498766],[45.63902545889081,31.32515238022539]]]}},{"type":"Feature","id":"uruk-ob-xv-4-eb0e3bb772","properties":{"id":"uruk-ob-xv-4-eb0e3bb772","siteId":"uruk","siteName":"Uruk","name":"Ob XV/4","locationType":"excavation_area"},"geometry":{"type":"Polygon","coordinates":[[[45.63902431050803,31.3249708980432],[45.63923561294307,31.32496893607175],[45.639232167794674,31.32478941551115],[45.639022013742434,31.32478941551115],[45.63902431050803,31.3249708980432]]]}},{"type":"Feature","id":"uruk-ob-xv-5-5a4eef0a82","properties":{"id":"uruk-ob-xv-5-5a4eef0a82","siteId":"uruk","siteName":"Uruk","name":"Ob XV/5","locationType":"excavation_area"},"geometry":{"type":"Polygon","coordinates":[[[45.63902287502957,31.324789906004952],[45.639233029081815,31.324790641745658],[45.639233029081815,31.32460891361876],[45.639022013742455,31.324610385102975],[45.63902287502957,31.324789906004952]]]}},{"type":"Feature","id":"uruk-ob-xvi-1-cad7145ac3","properties":{"id":"uruk-ob-xvi-1-cad7145ac3","siteId":"uruk","siteName":"Uruk","name":"Ob XVI/1","locationType":"excavation_area"},"geometry":{"type":"Polygon","coordinates":[[[45.639022013742455,31.324611120845073],[45.6392321677947,31.32460891361876],[45.639230445220505,31.324428656628122],[45.63902029116826,31.324429392371645],[45.639022013742455,31.324611120845073]]]}},{"type":"Feature","id":"uruk-ob-xvi-3-e081949ccc","properties":{"id":"uruk-ob-xvi-3-e081949ccc","siteId":"uruk","siteName":"Uruk","name":"Ob XVI/3","locationType":"excavation_area"},"geometry":{"type":"Polygon","coordinates":[[[45.63901942988117,31.32425060652712],[45.63922958393342,31.3242498707822],[45.639227861359224,31.324068141611438],[45.63901770730698,31.324069613104115],[45.63901942988117,31.32425060652712]]]}},{"type":"Feature","id":"uruk-ob-xvi-4-c194f7e854","properties":{"id":"uruk-ob-xvi-4-c194f7e854","siteId":"uruk","siteName":"Uruk","name":"Ob XVI/4","locationType":"excavation_area"},"geometry":{"type":"Polygon","coordinates":[[[45.63901727666344,31.3240685094846],[45.63922829200278,31.324067773738268],[45.63922743071569,31.323887515711522],[45.63901641537634,31.323888251459266],[45.63901727666344,31.3240685094846]]]}},{"type":"Feature","id":"uruk-oc-xv-3-15edd3c705","properties":{"id":"uruk-oc-xv-3-15edd3c705","siteId":"uruk","siteName":"Uruk","name":"Oc XV/3","locationType":"excavation_area"},"geometry":{"type":"Polygon","coordinates":[[[45.63923518229959,31.32515152186453],[45.63944619763895,31.325150050388782],[45.639444475064735,31.324967587216353],[45.63923518229959,31.324969058694965],[45.63923518229959,31.32515152186453]]]}},{"type":"Feature","id":"uruk-oc-xv-4-22cdf7d9d4","properties":{"id":"uruk-oc-xv-4-22cdf7d9d4","siteId":"uruk","siteName":"Uruk","name":"Oc XV/4","locationType":"excavation_area"},"geometry":{"type":"Polygon","coordinates":[[[45.63923432101248,31.324969794434242],[45.63944533635184,31.32496758721634],[45.63944275249054,31.32478880239389],[45.639231737151185,31.32478880239389],[45.63923432101248,31.324969794434242]]]}},{"type":"Feature","id":"uruk-oc-xv-5-d11ad2dfa4","properties":{"id":"uruk-oc-xv-5-d11ad2dfa4","siteId":"uruk","siteName":"Uruk","name":"Oc XV/5","locationType":"excavation_area"},"geometry":{"type":"Polygon","coordinates":[[[45.639232598438284,31.32478880239389],[45.63944361377764,31.324788066653174],[45.63944189120345,31.3246092814898],[45.639232598438284,31.3246092814898],[45.639232598438284,31.32478880239389]]]}},{"type":"Feature","id":"uruk-oc-xvi-2-c9e326833a","properties":{"id":"uruk-oc-xvi-2-c9e326833a","siteId":"uruk","siteName":"Uruk","name":"Oc XVI/2","locationType":"excavation_area"},"geometry":{"type":"Polygon","coordinates":[[[45.639230014576995,31.324428288756344],[45.639441029916334,31.324427553012814],[45.63944016862925,31.324247295674933],[45.6392291532899,31.32424803141986],[45.639230014576995,31.324428288756344]]]}},{"type":"Feature","id":"uruk-oc-xvi-3-1d29bec0b3","properties":{"id":"uruk-oc-xvi-3-1d29bec0b3","siteId":"uruk","siteName":"Uruk","name":"Oc XVI/3","locationType":"excavation_area"},"geometry":{"type":"Polygon","coordinates":[[[45.63923001457698,31.32424950290973],[45.639441029916334,31.324247295674933],[45.63943844605503,31.324067037991913],[45.63922829200278,31.3240685094846],[45.63923001457698,31.32424950290973]]]}},{"type":"Feature","id":"uruk-od-xiv-5-1b59d36557","properties":{"id":"uruk-od-xiv-5-1b59d36557","siteId":"uruk","siteName":"Uruk","name":"Od XIV/5","locationType":"excavation_area"},"geometry":{"type":"Polygon","coordinates":[[[45.63944964278731,31.325690816181478],[45.63965979683957,31.325690080447814],[45.639658935552454,31.32550908979223],[45.63944705892601,31.32551056126238],[45.63944964278731,31.325690816181478]]]}},{"type":"Feature","id":"uruk-od-xv-3-512736e461","properties":{"id":"uruk-od-xv-3-512736e461","siteId":"uruk","siteName":"Uruk","name":"Od XV/3","locationType":"excavation_area"},"geometry":{"type":"Polygon","coordinates":[[[45.639445336351834,31.32514857891299],[45.63965549040409,31.325147843175078],[45.639654629116976,31.32496758721634],[45.63944361377764,31.324968322955645],[45.639445336351834,31.32514857891299]]]}},{"type":"Feature","id":"uruk-od-xvi-3-28958a824b","properties":{"id":"uruk-od-xvi-3-28958a824b","siteId":"uruk","siteName":"Uruk","name":"Od XVI/3","locationType":"excavation_area"},"geometry":{"type":"Polygon","coordinates":[[[45.63944016862923,31.324247295674926],[45.639650322681476,31.324245824185024],[45.63964860010728,31.324065934372364],[45.63943801541147,31.324066670118725],[45.63944016862923,31.324247295674926]]]}},{"type":"Feature","id":"uruk-od-xvi-4-709c0e728a","properties":{"id":"uruk-od-xvi-4-709c0e728a","siteId":"uruk","siteName":"Uruk","name":"Od XVI/4","locationType":"excavation_area"},"geometry":{"type":"Polygon","coordinates":[[[45.63943844605503,31.324066670118732],[45.639649461394384,31.324065934372378],[45.63964687753308,31.323884940594354],[45.63943758476794,31.323886412089884],[45.63943844605503,31.324066670118732]]]}},{"type":"Feature","id":"uruk-od-xvii-1-2-c5e4736037","properties":{"id":"uruk-od-xvii-1-2-c5e4736037","siteId":"uruk","siteName":"Uruk","name":"Od XVII/1-2","locationType":"excavation_area"},"geometry":{"type":"Polygon","coordinates":[[[45.639435862193714,31.32370615371587],[45.639646016245955,31.323704682217517],[45.639644293671765,31.323344164428526],[45.63943327833241,31.323344900180512],[45.639435862193714,31.32370615371587]]]}},{"type":"Feature","id":"uruk-oe-xiv-8a5b69cfbd","properties":{"id":"uruk-oe-xiv-8a5b69cfbd","siteId":"uruk","siteName":"Uruk","name":"Oe XIV","locationType":"excavation_area"},"geometry":{"type":"Polygon","coordinates":[[[45.63966238070085,31.326412935998423],[45.63987597990149,31.32640999308632],[45.63986822831759,31.325509457659752],[45.63965807426534,31.325509457659752],[45.63966238070085,31.326412935998423]]]}},{"type":"Feature","id":"uruk-oe-xiv-4-a24b1527e2","properties":{"id":"uruk-oe-xiv-4-a24b1527e2","siteId":"uruk","siteName":"Uruk","name":"Oe XIV/4","locationType":"excavation_area"},"geometry":{"type":"Polygon","coordinates":[[[45.63966065812666,31.325870702889294],[45.639871673466,31.325868495692497],[45.63986952024823,31.325688608980464],[45.639659366195986,31.325690080447803],[45.63966065812666,31.325870702889294]]]}},{"type":"Feature","id":"uruk-oe-xiv-5-4c9f2404fe","properties":{"id":"uruk-oe-xiv-5-4c9f2404fe","siteId":"uruk","siteName":"Uruk","name":"Oe XIV/5","locationType":"excavation_area"},"geometry":{"type":"Polygon","coordinates":[[[45.639659366196014,31.325690080447803],[45.63986952024826,31.325688608980464],[45.63986822831762,31.325508354057142],[45.6396585049089,31.32550908979223],[45.639659366196014,31.325690080447803]]]}},{"type":"Feature","id":"uruk-oe-pa-xvii-2-402371ebf2","properties":{"id":"uruk-oe-pa-xvii-2-402371ebf2","siteId":"uruk","siteName":"Uruk","name":"Oe-Pa XVII/2","locationType":"excavation_area"},"geometry":{"type":"Polygon","coordinates":[[[45.639644724315325,31.323524423495595],[45.64006589370691,31.32352221624378],[45.64006503241983,31.32334122142049],[45.63964300174113,31.323344900180523],[45.639644724315325,31.323524423495595]]]}},{"type":"Feature","id":"uruk-p-vi-2-433655cc09","properties":{"id":"uruk-p-vi-2-433655cc09","siteId":"uruk","siteName":"Uruk","name":"P VI/2","locationType":"excavation_area"},"geometry":{"type":"Polygon","coordinates":[[[45.639922058761336,31.333447704402815],[45.64097315200523,31.33344255469148],[45.64097186007459,31.333261946779455],[45.63992071300032,31.333267326398957],[45.639922058761336,31.333447704402815]]]}},{"type":"Feature","id":"uruk-p-vi-3-2b668d506f","properties":{"id":"uruk-p-vi-3-2b668d506f","siteId":"uruk","siteName":"Uruk","name":"P VI/3","locationType":"excavation_area"},"geometry":{"type":"Polygon","coordinates":[[[45.63992119747432,31.33326663670417],[45.640972506039915,31.333261670901525],[45.64097153709193,31.333082074196724],[45.63991950181533,31.33308683310001],[45.63992119747432,31.33326663670417]]]}},{"type":"Feature","id":"uruk-pa-xvi-2-b4cdc9224d","properties":{"id":"uruk-pa-xvi-2-b4cdc9224d","siteId":"uruk","siteName":"Uruk","name":"Pa XVI/2","locationType":"excavation_area"},"geometry":{"type":"Polygon","coordinates":[[[45.63986063822515,31.32442523082299],[45.64007065770127,31.32442461003938],[45.640069930990286,31.324243961831357],[45.639859911514165,31.324244582616174],[45.63986063822515,31.32442523082299]]]}},{"type":"Feature","id":"uruk-pa-xvi-4-018f6890c6","properties":{"id":"uruk-pa-xvi-4-018f6890c6","siteId":"uruk","siteName":"Uruk","name":"Pa XVI/4","locationType":"excavation_area"},"geometry":{"type":"Polygon","coordinates":[[[45.63985845809219,31.324064554848725],[45.64006884092381,31.324063623669726],[45.64006775085732,31.323883285162637],[45.63985700467021,31.323883905949828],[45.63985845809219,31.324064554848725]]]}},{"type":"Feature","id":"uruk-pb-xvi-1-6f764f25f7","properties":{"id":"uruk-pb-xvi-1-6f764f25f7","siteId":"uruk","siteName":"Uruk","name":"Pb XVI/1","locationType":"excavation_area"},"geometry":{"type":"Polygon","coordinates":[[[45.64007283783423,31.32460463711833],[45.640282857310346,31.324605257900753],[45.64028140388835,31.32442274768849],[45.64007211112324,31.32442398925576],[45.64007283783423,31.32460463711833]]]}},{"type":"Feature","id":"uruk-pb-xvi-3-71ded26223","properties":{"id":"uruk-pb-xvi-3-71ded26223","siteId":"uruk","siteName":"Uruk","name":"Pb XVI/3","locationType":"excavation_area"},"geometry":{"type":"Polygon","coordinates":[[[45.640070657701266,31.324243961831375],[45.640279950466386,31.32424272026173],[45.6402792237554,31.324062071704706],[45.64006847756829,31.32406331327673],[45.640070657701266,31.324243961831375]]]}},{"type":"Feature","id":"uruk-pc-xvii-4-82412c9712","properties":{"id":"uruk-pc-xvii-4-82412c9712","siteId":"uruk","siteName":"Uruk","name":"Pc XVII/4","locationType":"excavation_area"},"geometry":{"type":"Polygon","coordinates":[[[45.6402726833565,31.323160065304037],[45.64048488296559,31.3231588237201],[45.64048197612161,31.32297879387645],[45.640271229934505,31.32298003546277],[45.6402726833565,31.323160065304037]]]}},{"type":"Feature","id":"uruk-pd-xvi-4-1385ad6fda","properties":{"id":"uruk-pd-xvi-4-1385ad6fda","siteId":"uruk","siteName":"Uruk","name":"Pd XVI/4","locationType":"excavation_area"},"geometry":{"type":"Polygon","coordinates":[[[45.640493603497426,31.32460339555345],[45.640703622973554,31.324601533206092],[45.64070216955158,31.32442088533756],[45.64049142336448,31.324422126904864],[45.640493603497426,31.32460339555345]]]}},{"type":"Feature","id":"uruk-pd-xvi-2-efc0ae16ef","properties":{"id":"uruk-pd-xvi-2-efc0ae16ef","siteId":"uruk","siteName":"Uruk","name":"Pd XVI/2","locationType":"excavation_area"},"geometry":{"type":"Polygon","coordinates":[[[45.64049142336448,31.32442212690487],[45.64070216955158,31.32442212690487],[45.64070071612961,31.324240857907256],[45.64049069665349,31.324240857907256],[45.64049142336448,31.32442212690487]]]}},{"type":"Feature","id":"uruk-pd-xvi-3-15408c4a6e","properties":{"id":"uruk-pd-xvi-3-15408c4a6e","siteId":"uruk","siteName":"Uruk","name":"Pd XVI/3","locationType":"excavation_area"},"geometry":{"type":"Polygon","coordinates":[[[45.64048996994253,31.32424209947691],[45.640700716129636,31.324240857907263],[45.64069998941866,31.32405958856063],[45.64048924323155,31.32406083013268],[45.64048996994253,31.32424209947691]]]}},{"type":"Feature","id":"uruk-pd-xvi-4-2d78641f41","properties":{"id":"uruk-pd-xvi-4-2d78641f41","siteId":"uruk","siteName":"Uruk","name":"Pd XVI/4","locationType":"excavation_area"},"geometry":{"type":"Polygon","coordinates":[[[45.64048924323155,31.3240614509187],[45.64069926270767,31.324060209346662],[45.64069780928568,31.323879560439426],[45.640487789809576,31.323881422801065],[45.64048924323155,31.3240614509187]]]}},{"type":"Feature","id":"uruk-pe-xiv-4-881468fff3","properties":{"id":"uruk-pe-xiv-4-881468fff3","siteId":"uruk","siteName":"Uruk","name":"Pe XIV/4","locationType":"excavation_area"},"geometry":{"type":"Polygon","coordinates":[[[45.640711616794526,31.325864817031704],[45.64092163627065,31.325863575483453],[45.640920909559654,31.32568293003662],[45.640709436661545,31.325684171587273],[45.640711616794526,31.325864817031704]]]}},{"type":"Feature","id":"uruk-pe-xiv-5-177ea65b99","properties":{"id":"uruk-pe-xiv-5-177ea65b99","siteId":"uruk","siteName":"Uruk","name":"Pe XIV/5","locationType":"excavation_area"},"geometry":{"type":"Polygon","coordinates":[[[45.64071016337253,31.325684792362598],[45.64092090955965,31.32568355081196],[45.64091945613767,31.325502284243175],[45.64070870995056,31.3255041465727],[45.64071016337253,31.325684792362598]]]}},{"type":"Feature","id":"uruk-pe-xvi-3-ee795f27a2","properties":{"id":"uruk-pe-xvi-3-ee795f27a2","siteId":"uruk","siteName":"Uruk","name":"Pe XVI/3","locationType":"excavation_area"},"geometry":{"type":"Polygon","coordinates":[[[45.64070107948518,31.32424147869211],[45.640911462316794,31.32423868516033],[45.640911462316794,31.32405989895366],[45.6406999894187,31.324060830132705],[45.64070107948518,31.32424147869211]]]}},{"type":"Feature","id":"uruk-pe-qa-xvi-4-c04f87c9d5","properties":{"id":"uruk-pe-qa-xvi-4-c04f87c9d5","siteId":"uruk","siteName":"Uruk","name":"Pe-Qa XVI/4","locationType":"excavation_area"},"geometry":{"type":"Polygon","coordinates":[[[45.64070107948518,31.32405989895366],[45.641121845148405,31.324058036595545],[45.641120755081914,31.32387738768415],[45.64069889935221,31.32387925004582],[45.64070107948518,31.32405989895366]]]}},{"type":"Feature","id":"uruk-qa-xiv-b1f972958a","properties":{"id":"uruk-qa-xiv-b1f972958a","siteId":"uruk","siteName":"Uruk","name":"Qa XIV","locationType":"excavation_area"},"geometry":{"type":"Polygon","coordinates":[[[45.640925633181084,31.326406440899905],[45.64113710607919,31.326406440899905],[45.64112947561381,31.32550181866078],[45.6409190927822,31.32550274982556],[45.640925633181084,31.326406440899905]]]}},{"type":"Feature","id":"uruk-qa-xiv-4-aa7de192a3","properties":{"id":"uruk-qa-xiv-4-aa7de192a3","siteId":"uruk","siteName":"Uruk","name":"Qa XIV/4","locationType":"excavation_area"},"geometry":{"type":"Polygon","coordinates":[[[45.640922362981655,31.325863808273755],[45.641132745813266,31.325862877112545],[45.64113056568029,31.325682231664388],[45.64092127291517,31.325683162827378],[45.640922362981655,31.325863808273755]]]}},{"type":"Feature","id":"uruk-qa-xiv-5-9abf65c7c6","properties":{"id":"uruk-qa-xiv-5-9abf65c7c6","siteId":"uruk","siteName":"Uruk","name":"Qa XIV/5","locationType":"excavation_area"},"geometry":{"type":"Polygon","coordinates":[[[45.64092127291518,31.325682697245888],[45.64113165574679,31.325681766082884],[45.64112838554733,31.325501120287193],[45.640919092782205,31.325502982616744],[45.64092127291518,31.325682697245888]]]}},{"type":"Feature","id":"uruk-qa-xxv-3-904591d102","properties":{"id":"uruk-qa-xxv-3-904591d102","siteId":"uruk","siteName":"Uruk","name":"Qa XXV/3","locationType":"excavation_area"},"geometry":{"type":"Polygon","coordinates":[[[45.640855868926074,31.316119633244476],[45.641066251757685,31.316119167615685],[45.64106461665798,31.315938503472815],[45.640854778859605,31.31593943473218],[45.640855868926074,31.316119633244476]]]}},{"type":"Feature","id":"uruk-qb-xiv-d471d53d69","properties":{"id":"uruk-qb-xiv-d471d53d69","siteId":"uruk","siteName":"Uruk","name":"Qb XIV","locationType":"excavation_area"},"geometry":{"type":"Polygon","coordinates":[[[45.64113765111242,31.3264038802213],[45.64134694387756,31.32640248348751],[45.64133999470373,31.325500887495988],[45.64112947561381,31.32550176046296],[45.64113765111242,31.3264038802213]]]}},{"type":"Feature","id":"uruk-qb-xiv-3-c2ad7ab28c","properties":{"id":"uruk-qb-xiv-3-c2ad7ab28c","siteId":"uruk","siteName":"Uruk","name":"Qb XIV/3","locationType":"excavation_area"},"geometry":{"type":"Polygon","coordinates":[[[45.641133427104826,31.326044627965832],[45.641344900002935,31.326041834487555],[45.64134271986996,31.32586025822157],[45.64113233703834,31.32586398286645],[45.641133427104826,31.326044627965832]]]}},{"type":"Feature","id":"uruk-qb-xiv-4-7d11674708","properties":{"id":"uruk-qb-xiv-4-7d11674708","siteId":"uruk","siteName":"Uruk","name":"Qb XIV/4","locationType":"excavation_area"},"geometry":{"type":"Polygon","coordinates":[[[45.64113233703838,31.32586398286645],[45.64134271986998,31.32586025822158],[45.64134053973701,31.32568054393141],[45.6411301569054,31.32568240625743],[45.64113233703838,31.32586398286645]]]}},{"type":"Feature","id":"uruk-qb-xiv-5-7bc0fd8a9a","properties":{"id":"uruk-qb-xiv-5-7bc0fd8a9a","siteId":"uruk","siteName":"Uruk","name":"Qb XIV/5","locationType":"excavation_area"},"geometry":{"type":"Polygon","coordinates":[[[45.64113124697189,31.32568240625743],[45.641342719869975,31.325679612768404],[45.641339449670525,31.32550082929818],[45.641129066838914,31.32550269162774],[45.64113124697189,31.32568240625743]]]}},{"type":"Feature","id":"uruk-qb-xv-1-15b77e6403","properties":{"id":"uruk-qb-xv-1-15b77e6403","siteId":"uruk","siteName":"Uruk","name":"Qb XV/1","locationType":"excavation_area"},"geometry":{"type":"Polygon","coordinates":[[[45.6411301569054,31.325501294880578],[45.64133944967053,31.325501294880578],[45.64133944967053,31.325319717572],[45.64112906683892,31.325322511071715],[45.6411301569054,31.325501294880578]]]}},{"type":"Feature","id":"uruk-qc-xiv-5-7b14ab71da","properties":{"id":"uruk-qc-xiv-5-7b14ab71da","siteId":"uruk","siteName":"Uruk","name":"Qc XIV/5","locationType":"excavation_area"},"geometry":{"type":"Polygon","coordinates":[[[45.641341629803506,31.32568100951293],[45.64155146760187,31.325680078349926],[45.64155037753539,31.325499898133383],[45.64133944967055,31.325501294880578],[45.641341629803506,31.32568100951293]]]}},{"type":"Feature","id":"uruk-qc-xv-1-2060949bda","properties":{"id":"uruk-qc-xv-1-2060949bda","siteId":"uruk","siteName":"Uruk","name":"Qc XV/1","locationType":"excavation_area"},"geometry":{"type":"Polygon","coordinates":[[[45.64134053973705,31.325501294880585],[45.64155092256866,31.3255003637158],[45.64154983250217,31.325319717572015],[45.64133944967056,31.325319717572015],[45.64134053973705,31.325501294880585]]]}},{"type":"Feature","id":"uruk-qd-xiv-5-99fb13067f","properties":{"id":"uruk-qd-xiv-5-99fb13067f","siteId":"uruk","siteName":"Uruk","name":"Qd XIV/5","locationType":"excavation_area"},"geometry":{"type":"Polygon","coordinates":[[[45.64155201263516,31.325680078349933],[45.64176130540029,31.325679147186914],[45.64176021533378,31.325498501386196],[45.641550922568676,31.32549943255101],[45.64155201263516,31.325680078349933]]]}},{"type":"Feature","id":"uruk-qd-xv-1-1328e83899","properties":{"id":"uruk-qd-xv-1-1328e83899","siteId":"uruk","siteName":"Uruk","name":"Qd XV/1","locationType":"excavation_area"},"geometry":{"type":"Polygon","coordinates":[[[45.641550922568676,31.32549943255101],[45.64175912526731,31.325498501386203],[45.64176021533381,31.325317855238843],[45.64154983250219,31.325318786405436],[45.641550922568676,31.32549943255101]]]}},{"type":"Feature","id":"uruk-qd-xv-4-dd33bfd7b2","properties":{"id":"uruk-qd-xv-4-dd33bfd7b2","siteId":"uruk","siteName":"Uruk","name":"Qd XV/4","locationType":"excavation_area"},"geometry":{"type":"Polygon","coordinates":[[[45.64154656230274,31.324958889829613],[45.6417564001011,31.324957493074375],[45.6417551737763,31.32477707868188],[45.641544995332175,31.324778126250315],[45.64154656230274,31.324958889829613]]]}},{"type":"Feature","id":"uruk-qd-xvi-a428aa359f","properties":{"id":"uruk-qd-xvi-a428aa359f","siteId":"uruk","siteName":"Uruk","name":"Qd XVI","locationType":"excavation_area"},"geometry":{"type":"Polygon","coordinates":[[[45.64154404152398,31.3245978279108],[45.64175442435558,31.324595965563354],[45.64174897402316,31.323692722701082],[45.64153750112509,31.323695516249057],[45.64154404152398,31.3245978279108]]]}},{"type":"Feature","id":"uruk-qd-xxv-1-80b6d042db","properties":{"id":"uruk-qd-xxv-1-80b6d042db","siteId":"uruk","siteName":"Uruk","name":"Qd XXV/1","locationType":"excavation_area"},"geometry":{"type":"Polygon","coordinates":[[[45.64148867303547,31.316478162183987],[45.64170059573793,31.316477327863446],[45.641698642533306,31.316295445812706],[45.64148769643316,31.31629711445698],[45.64148867303547,31.316478162183987]]]}},{"type":"Feature","id":"uruk-qd-xxv-5-4eea5fe3ee","properties":{"id":"uruk-qd-xxv-5-4eea5fe3ee","siteId":"uruk","siteName":"Uruk","name":"Qd XXV/5","locationType":"excavation_area"},"geometry":{"type":"Polygon","coordinates":[[[45.64148379002388,31.315754803514544],[45.64169473612403,31.31575396918761],[45.641692782919385,31.315573754396897],[45.64148183681925,31.315574588725433],[45.64148379002388,31.315754803514544]]]}},{"type":"Feature","id":"uruk-qe-xiv-4-f4673caa72","properties":{"id":"uruk-qe-xiv-4-f4673caa72","siteId":"uruk","siteName":"Uruk","name":"Qe XIV/4","locationType":"excavation_area"},"geometry":{"type":"Polygon","coordinates":[[[45.64176309828607,31.3258587948445],[45.64197306778391,31.32585796060709],[45.64197209118158,31.325676930914934],[45.641761145081446,31.32567943363196],[45.64176309828607,31.3258587948445]]]}},{"type":"Feature","id":"uruk-qe-xiv-5-3bbb937eb7","properties":{"id":"uruk-qe-xiv-5-3bbb937eb7","siteId":"uruk","siteName":"Uruk","name":"Qe XIV/5","locationType":"excavation_area"},"geometry":{"type":"Polygon","coordinates":[[[45.64176114508145,31.325679016512453],[45.6419720911816,31.325677765153948],[45.641970626278116,31.325497569355907],[45.641759680177984,31.325498820716806],[45.64176114508145,31.325679016512453]]]}},{"type":"Feature","id":"uruk-qe-xv-1-1e32b9a1cd","properties":{"id":"uruk-qe-xv-1-1e32b9a1cd","siteId":"uruk","siteName":"Uruk","name":"Qe XV/1","locationType":"excavation_area"},"geometry":{"type":"Polygon","coordinates":[[[45.64176053470499,31.32549892499689],[45.64197050420281,31.32549725651569],[45.64196855099817,31.32531706037213],[45.64175858150035,31.325318728856523],[45.64176053470499,31.32549892499689]]]}},{"type":"Feature","id":"uruk-qe-xvi-151cc7a1fd","properties":{"id":"uruk-qe-xvi-151cc7a1fd","siteId":"uruk","siteName":"Uruk","name":"Qe XVI","locationType":"excavation_area"},"geometry":{"type":"Polygon","coordinates":[[[45.64175467509109,31.324596272348757],[45.64196464458891,31.324595438100154],[45.641958022004474,31.32369329819968],[45.641747808356065,31.323694419231952],[45.64175467509109,31.324596272348757]]]}},{"type":"Feature","id":"uruk-r-vii-6debffe757","properties":{"id":"uruk-r-vii-6debffe757","siteId":"uruk","siteName":"Uruk","name":"R VII","locationType":"excavation_area"},"geometry":{"type":"Polygon","coordinates":[[[45.64201991417624,31.332713865018594],[45.643071714870004,31.332708859958572],[45.643064253017926,31.331807983919813],[45.642013184775905,31.331813223642182],[45.64201991417624,31.332713865018594]]]}},{"type":"Feature","id":"uruk-t-xiii-2723e84133","properties":{"id":"uruk-t-xiii-2723e84133","siteId":"uruk","siteName":"Uruk","name":"T XIII","locationType":"excavation_area"},"geometry":{"type":"Polygon","coordinates":[[[45.64408442095233,31.327291938619165],[45.64513915145304,31.327286307602243],[45.645129675358696,31.32638428473205],[45.64407844689284,31.32638938789005],[45.64408442095233,31.327291938619165]]]}},{"type":"Feature","id":"uruk-u-xvi-b3028165fd","properties":{"id":"uruk-u-xvi-b3028165fd","siteId":"uruk","siteName":"Uruk","name":"U XVI","locationType":"excavation_area"},"geometry":{"type":"Polygon","coordinates":[[[45.64511710923353,31.324577221498235],[45.64616854370139,31.324574405908628],[45.64616524766858,31.323673412909702],[45.645113813200716,31.32367622852625],[45.64511710923353,31.324577221498235]]]}},{"type":"Feature","id":"uruk-u-xviii-b3cfa0e20d","properties":{"id":"uruk-u-xviii-b3cfa0e20d","siteId":"uruk","siteName":"Uruk","name":"U XVIII","locationType":"excavation_area"},"geometry":{"type":"Polygon","coordinates":[[[45.64510722113509,31.32277522693165],[45.64615535957014,31.322769595644587],[45.64614959151271,31.321867881455987],[45.64509877505102,31.321872984858796],[45.64510722113509,31.32277522693165]]]}},{"type":"Feature","id":"uruk-ub-xviii-4-0cc64d221f","properties":{"id":"uruk-ub-xviii-4-0cc64d221f","siteId":"uruk","siteName":"Uruk","name":"Ub XVIII/4","locationType":"excavation_area"},"geometry":{"type":"Polygon","coordinates":[[[45.64531157516957,31.32223286204882],[45.64552231526765,31.32223180617644],[45.64552046124919,31.322051251824618],[45.645309721151115,31.322052307699018],[45.64531157516957,31.32223286204882]]]}},{"type":"Feature","id":"uruk-ud-viii-4-6680d46154","properties":{"id":"uruk-ud-viii-4-6680d46154","siteId":"uruk","siteName":"Uruk","name":"Ud VIII/4","locationType":"excavation_area"},"geometry":{"type":"Polygon","coordinates":[[[45.64579361996873,31.33125274765646],[45.646003742060664,31.331252219770864],[45.646002506048355,31.331071682719443],[45.64579238395642,31.331072738492686],[45.64579361996873,31.33125274765646]]]}},{"type":"Feature","id":"uruk-ue-xiii-1-c04d33ff10","properties":{"id":"uruk-ue-xiii-1-c04d33ff10","siteId":"uruk","siteName":"Uruk","name":"Ue XIII/1","locationType":"excavation_area"},"geometry":{"type":"Polygon","coordinates":[[[45.64597593178378,31.32728190837],[45.6461860538757,31.32728190837],[45.6461860538757,31.327100307885523],[45.64597469577148,31.327100307885523],[45.64597593178378,31.32728190837]]]}},{"type":"Feature","id":"uruk-ue-xv-4-ceb3545df7","properties":{"id":"uruk-ue-xv-4-ceb3545df7","siteId":"uruk","siteName":"Uruk","name":"Ue XV/4","locationType":"excavation_area"},"geometry":{"type":"Polygon","coordinates":[[[45.645959863623794,31.324935856535852],[45.64616998571574,31.324934800693793],[45.64616998571574,31.324753195681495],[45.645958627611506,31.32475636321379],[45.645959863623794,31.324935856535852]]]}},{"type":"Feature","id":"uruk-ue-xvii-78b8b0f7c3","properties":{"id":"uruk-ue-xvii-78b8b0f7c3","siteId":"uruk","siteName":"Uruk","name":"Ue XVII","locationType":"excavation_area"},"geometry":{"type":"Polygon","coordinates":[[[45.64595244754994,31.323673060957567],[45.64616195163572,31.323672269065405],[45.646156389580355,31.32276924368908],[45.64594626748842,31.322771355421782],[45.64595244754994,31.323673060957567]]]}},{"type":"Feature","id":"uruk-ue-xviii-1-ba03bea5c2","properties":{"id":"uruk-ue-xviii-1-ba03bea5c2","siteId":"uruk","siteName":"Uruk","name":"Ue XVIII/1","locationType":"excavation_area"},"geometry":{"type":"Polygon","coordinates":[[[45.64594781250379,31.32277056352201],[45.64615669858341,31.322769507655664],[45.6461554625711,31.322587898466583],[45.64594534047919,31.322588954334968],[45.64594781250379,31.32277056352201]]]}},{"type":"Feature","id":"uruk-ue-xviii-2-cf5e338c30","properties":{"id":"uruk-ue-xviii-2-cf5e338c30","siteId":"uruk","siteName":"Uruk","name":"Ue XVIII/2","locationType":"excavation_area"},"geometry":{"type":"Polygon","coordinates":[[[45.64594534047916,31.32259001020334],[45.64615422655879,31.322588954334968],[45.64615299054649,31.32240945653844],[45.6459422504484,31.32240945653844],[45.64594534047916,31.32259001020334]]]}},{"type":"Feature","id":"uruk-va-xviii-1-e981ea4798","properties":{"id":"uruk-va-xviii-1-e981ea4798","siteId":"uruk","siteName":"Uruk","name":"Va XVIII/1","locationType":"excavation_area"},"geometry":{"type":"Polygon","coordinates":[[[45.64615608057723,31.322770563522006],[45.64636682067532,31.322768451789276],[45.64636496665686,31.32258842640075],[45.64615422655877,31.32258948226914],[45.64615608057723,31.322770563522006]]]}},{"type":"Feature","id":"uruk-vb-xviii-1-80bd715bec","properties":{"id":"uruk-vb-xviii-1-80bd715bec","siteId":"uruk","siteName":"Uruk","name":"Vb XVIII/1","locationType":"excavation_area"},"geometry":{"type":"Polygon","coordinates":[[[45.64636643442141,31.32276871575585],[45.64657655651332,31.32276765988947],[45.64657470249485,31.32258710656526],[45.64636458040295,31.322588162433654],[45.64636643442141,31.32276871575585]]]}},{"type":"Feature","id":"uruk-vc-xviii-1-47c47bb920","properties":{"id":"uruk-vc-xviii-1-47c47bb920","siteId":"uruk","siteName":"Uruk","name":"Vc XVIII/1","locationType":"excavation_area"},"geometry":{"type":"Polygon","coordinates":[[[45.64657655651332,31.322768187822664],[45.646787914617526,31.322767131956283],[45.646785442592915,31.32258657863105],[45.64657408448869,31.32258657863105],[45.64657655651332,31.322768187822664]]]}}]}